gene	neglog10p
AARS2	6.698970004336019
ABAT	5.154901959985743
ABCA1	32.045757490560675
ABCA12	5.221848749616356
ABCA6	8.301029995663981
ABCA7	38.096910013008056
ABCA8	6.522878745280337
ABCB9	13.0
ABCD1P4	7.301029995663981
ABCD2	7.522878745280337
ABCF3	6.698970004336019
ABCG8	5.3979400086720375
ABHD1	13.69897000433602
ABHD12	8.397940008672037
ABHD17A	8.397940008672037
ABI3	17.096910013008056
ABI3BP	5.522878745280337
ABLIM2	5.522878745280337
ABRAXAS2	16.045757490560675
ABT1	8.0
ACBD5	11.0
ACE	14.69897000433602
ACE3P	5.096910013008056
ACER1	30.30102999566398
ACER3	6.301029995663981
ACKR2	17.397940008672037
ACMSD	7.698970004336019
ACO2P1	5.301029995663981
ACOT4	5.522878745280337
ACOT6	5.522878745280337
ACOX1	7.397940008672037
ACP7	18.522878745280337
ACSF3	5.522878745280337
ACSL6	6.698970004336019
ACTB	12.30102999566398
ACTBP9	7.522878745280337
ACTG1P22	8.698970004336019
ACTL6B	17.221848749616356
ACTN4	7.301029995663981
ACTR3C	8.397940008672037
ACTR3P3	5.522878745280337
ADAD2	6.0
ADAM10	20.522878745280337
ADAM17	9.30102999566398
ADAM1B	13.221848749616356
ADAMTS1	11.397940008672036
ADAMTS17	5.698970004336019
ADAMTS18	6.154901959985743
ADAMTS19	6.698970004336019
ADAMTS2	6.0
ADAMTS20	6.522878745280337
ADAMTS4	17.154901959985743
ADAMTS9-AS2	5.522878745280337
ADARB1	11.0
ADARB2	19.69897000433602
ADCK1	17.096910013008056
ADCY10P1	5.698970004336019
ADCY8	5.698970004336019
ADCYAP1R1	7.397940008672037
ADGRA3	13.397940008672036
ADGRB3	6.0
ADGRE1	5.0
ADGRE3	11.0
ADGRF2P	17.69897000433602
ADGRG4	6.096910013008056
ADGRL2	5.045757490560675
ADH5	8.698970004336019
ADK	15.154901959985745
ADM-DT	5.3979400086720375
ADRA1A	5.221848749616356
ADRA1D	5.221848749616356
AFF1	7.698970004336019
AFF3	16.69897000433602
AFF4-DT	6.301029995663981
AGAP1	8.0
AGAP11	5.522878745280337
AGBL1	6.3979400086720375
AGFG2	7.301029995663981
AGPAT2	5.096910013008056
AGT	6.221848749616356
AHCYL1	6.0
AHCYL2	8.301029995663981
AHNAK	8.221848749616356
AHNAK2	7.397940008672037
AICDA	6.301029995663981
AIDAP3	7.397940008672037
AIM2	5.221848749616356
AIPL1	5.301029995663981
AK6P1	23.522878745280337
AKAP1	5.154901959985743
AKAP10	12.0
AKAP6	5.221848749616356
AKR1C3	5.301029995663981
ALCAM	6.045757490560675
ALDH1A2	83.39794000867204
ALDH4A1	5.522878745280337
ALLC	5.698970004336019
ALPK2	7.522878745280337
ALPL	8.221848749616356
AMMECR1L	14.69897000433602
ANAPC1	10.154901959985745
ANAPC10	7.698970004336019
ANAPC1P5	15.522878745280336
ANGPT2	5.221848749616356
ANGPT4	5.221848749616356
ANK1	5.0
ANK3	13.522878745280336
ANKH	10.522878745280336
ANKRD11	7.698970004336019
ANKRD26P1	12.0
ANKRD30BP2	8.698970004336019
ANKRD31	8.0
ANKRD33BP2	39.69897000433602
ANKRD40CL	14.69897000433602
ANKRD55	8.0
ANO1	5.3979400086720375
ANO3	8.522878745280337
ANO4	6.3979400086720375
ANO5	8.698970004336019
ANTXR1	5.3979400086720375
ANXA1	8.154901959985743
ANXA10	6.154901959985743
ANXA2	5.154901959985743
ANXA2R-OT1	13.0
AOPEP	5.522878745280337
AP1S2P1	8.0
AP2A2	7.221848749616356
AP2S1	12.0
AP4M1	7.301029995663981
APAF1	7.522878745280337
APBA1	6.522878745280337
APH1B	24.69897000433602
APLNR	10.522878745280336
APOB	19.0
APOBEC1	10.522878745280336
APOC1	672.698970004336
APOC1P1	672.698970004336
APOC2	21.154901959985743
APOC4	50.39794000867204
APOC4-APOC2	50.39794000867204
APOE	496.397940008672
APOL3	13.522878745280336
APP	13.69897000433602
APP-DT	7.154901959985743
AREG	5.154901959985743
ARF4P2	12.0
ARF4P4	6.698970004336019
ARFGAP2	20.045757490560675
ARFGEF1-DT	12.0
ARFGEF2	6.522878745280337
ARFGEF3	5.096910013008056
ARHGAP15	11.0
ARHGAP16P	5.522878745280337
ARHGAP20	6.154901959985743
ARHGAP24	10.69897000433602
ARHGAP26	5.154901959985743
ARHGAP45	9.522878745280336
ARHGEF10L	16.154901959985743
ARHGEF2	9.397940008672036
ARHGEF28	5.3979400086720375
ARID1A	8.0
ARID1B	5.522878745280337
ARIH1	5.221848749616356
ARIH2	8.698970004336019
ARL17B	8.221848749616356
ARL2BPP4	13.69897000433602
ARL2BPP5	7.045757490560675
ARL2BPP7	6.154901959985743
ARL5C	10.154901959985745
ARL6IP1P2	7.301029995663981
ARL6IP4	13.0
ARL6IP6	5.221848749616356
ARMH3	12.30102999566398
ARPC3P2	8.221848749616356
ARPC4	8.522878745280337
ARPC4-TTLL3	8.522878745280337
ARSA	7.522878745280337
ARSI	5.045757490560675
ARVCF	6.698970004336019
AS3MT	7.0
ASAP1	12.69897000433602
ASB3	6.301029995663981
ASCC1	9.221848749616356
ASCC2	9.397940008672036
ASIP	6.221848749616356
ASL	12.154901959985745
ASMER1	5.3979400086720375
ASPSCR1	7.698970004336019
ASTN2	6.301029995663981
ATAD3A	10.0
ATAD3B	10.0
ATF5	11.397940008672036
ATF7	9.69897000433602
ATF7-NPFF	9.69897000433602
ATF7IP	9.69897000433602
ATG13	7.522878745280337
ATG2A	5.045757490560675
ATOH7	8.096910013008056
ATOSA	5.0
ATP11B	5.154901959985743
ATP11B-DT	5.3979400086720375
ATP2B1-AS1	9.0
ATP5F1B	19.0
ATP5MC2P2	8.0
ATP5MFP3	6.698970004336019
ATP5PDP3	5.698970004336019
ATP5PF	5.3979400086720375
ATP6V0A2	8.301029995663981
ATP6V0E2	8.397940008672037
ATP6V1FP1	8.154901959985743
ATP6V1G1P1	10.045757490560677
ATP7B	18.045757490560675
ATP8A2P3	5.301029995663981
ATP8B4	11.30102999566398
ATXN1-AS1	6.0
ATXN2-AS	9.522878745280336
ATXN2L	8.0
ATXN7L1	6.0
AUTS2	8.0
AVL9	10.69897000433602
AVPI1	9.522878745280336
AXIN1	10.096910013008056
AZGP1P1	6.301029995663981
B3GALT1	6.154901959985743
B3GNT2	11.096910013008056
B3GNTL1P2	21.154901959985743
B4GALNT2	5.221848749616356
B4GALNT2P1	5.221848749616356
BAALC-AS1	7.0
BACE2	7.0
BAD	14.045757490560677
BANF2	5.154901959985743
BANK1	6.698970004336019
BARHL2	10.221848749616356
BAZ1B	8.154901959985743
BBC3	9.096910013008056
BCAM	191.15490195998575
BCAR3	7.221848749616356
BCAS3	11.0
BCCIP	8.698970004336019
BCKDK	10.69897000433602
BCL10-AS1	8.301029995663981
BCL11A	11.0
BCL2A1	14.522878745280336
BCL2L1	8.0
BCL3	116.52287874528034
BCL6-AS1	11.221848749616356
BCLAF1P2	12.0
BCRP9	6.0
BDH1	5.522878745280337
BDP1P	6.0
BFSP2	7.0
BICC1	5.301029995663981
BICD1-AS1	8.301029995663981
BIN1	138.69897000433602
BLK	6.3979400086720375
BLK-AS1	6.3979400086720375
BLNK	10.154901959985745
BLOC1S3	42.15490195998574
BLOC1S4	6.0
BLTP3A	5.698970004336019
BMAL1	5.522878745280337
BMP1	5.522878745280337
BMP2	5.045757490560675
BMP6	5.221848749616356
BMP8A	10.397940008672036
BMPER	7.0
BMPR1AP2	6.045757490560675
BMS1	13.522878745280336
BMS1P14	7.397940008672037
BMS1P20	8.0
BNC2	8.221848749616356
BNIP3	6.522878745280337
BNIP3P15	14.522878745280336
BNIP3P44	5.221848749616356
BORCS5	8.096910013008056
BORCS7-ASMT	7.0
BPNT1	8.0
BRAF	14.69897000433602
BRD1	8.0
BRD7P1	18.69897000433602
BRF1	12.154901959985745
BRWD1-AS1	14.69897000433602
BRWD1P1	8.154901959985743
BSN	19.69897000433602
BSNDP4	10.69897000433602
BTBD9	7.522878745280337
BTC	5.154901959985743
BTNL2	8.698970004336019
BZW2	10.221848749616356
C10orf71	6.0
C10orf90	11.522878745280336
C12orf42	10.096910013008056
C16orf95	7.522878745280337
C17orf107	9.69897000433602
C17orf58	14.397940008672036
C1GALT1	7.154901959985743
C1QTNF3-AMACR	5.301029995663981
C1S	8.522878745280337
C1orf159	8.0
C2CD3	5.698970004336019
C2orf42	10.045757490560677
C3orf33	7.698970004336019
C4BPAP2	10.522878745280336
C5orf34-AS1	9.522878745280336
C7orf78	9.0
C8orf44-SGK3	8.0
C8orf90	9.522878745280336
CA12	9.30102999566398
CA5A	7.301029995663981
CABLES1	5.698970004336019
CABLES2	7.522878745280337
CABP1	14.69897000433602
CABYRP1	5.3979400086720375
CACNA1A	5.3979400086720375
CACNA1E	7.397940008672037
CACNA1G	9.0
CACNA1H	8.698970004336019
CACNA2D3	5.698970004336019
CACNB2	8.221848749616356
CACNG7	9.69897000433602
CACNG8	9.69897000433602
CADM2	7.698970004336019
CADPS	5.221848749616356
CADPS2	6.096910013008056
CAGE1	9.69897000433602
CALCRL-AS1	10.522878745280336
CALM2P4	11.522878745280336
CAMK1D	8.096910013008056
CAMK2N1	14.30102999566398
CAMK4	5.698970004336019
CAMKV	23.0
CAMSAP1	6.0
CAMTA1	6.301029995663981
CANX	9.0
CAPN9-AS1	6.221848749616356
CAPZA2	9.397940008672036
CAPZA3	5.096910013008056
CARD11	12.397940008672036
CARD18	17.522878745280337
CARM1P1	5.698970004336019
CARMAL	7.397940008672037
CARS1	5.221848749616356
CARS1P2	6.522878745280337
CASC11	10.69897000433602
CASC18	5.3979400086720375
CASC8	10.69897000433602
CASS4	26.096910013008056
CASTOR3P	7.522878745280337
CATSPER1	9.0
CATSPER2	5.045757490560675
CATSPER2P1	8.096910013008056
CATSPERB	5.522878745280337
CBFA2T3	5.522878745280337
CBLC	55.096910013008056
CBLN2	5.221848749616356
CBLN4	5.154901959985743
CBR4	8.397940008672037
CBX2	5.0
CBX4	5.3979400086720375
CCDC117	10.221848749616356
CCDC134	6.0
CCDC162P	7.0
CCDC171	5.3979400086720375
CCDC178	42.0
CCDC190	5.096910013008056
CCDC195	8.0
CCDC25	6.0
CCDC32	8.698970004336019
CCDC33	8.0
CCDC83	10.69897000433602
CCDC85B	6.522878745280337
CCDC85C	5.698970004336019
CCDC88C-DT	6.096910013008056
CCDC89	7.154901959985743
CCDC91	7.698970004336019
CCKBR	5.096910013008056
CCL24	16.096910013008056
CCL25	7.397940008672037
CCL26	16.096910013008056
CCL28	7.698970004336019
CCM2L	7.522878745280337
CCNB3P1	6.221848749616356
CCND3	9.69897000433602
CCNJL	10.045757490560677
CCNT2-AS1	7.698970004336019
CCNY	9.045757490560677
CCR7	10.0
CCRL2	12.69897000433602
CCT3	5.096910013008056
CCT4P1	14.69897000433602
CD24	6.301029995663981
CD2AP	21.096910013008056
CD2AP-DT	21.154901959985743
CD300LG	6.221848749616356
CD33	12.30102999566398
CD34	7.522878745280337
CD55	7.698970004336019
CD72	9.397940008672036
CD82	6.154901959985743
CD83P1	9.522878745280336
CDC23	8.397940008672037
CDC42EP3	5.698970004336019
CDC42EP3-AS1	5.698970004336019
CDC42SE2	6.698970004336019
CDC5L	7.0
CDCA7P2	6.3979400086720375
CDCP1	5.301029995663981
CDH12	6.221848749616356
CDH13	9.0
CDH15	9.154901959985745
CDH18	5.301029995663981
CDH19	6.3979400086720375
CDH20	10.0
CDH4	5.3979400086720375
CDH7	5.522878745280337
CDHR17P	5.221848749616356
CDHR3	5.698970004336019
CDIN1	6.0
CDIPTOSP	7.301029995663981
CDK13	6.096910013008056
CDK2AP1	15.221848749616356
CDKAL1	17.30102999566398
CDKL1	11.30102999566398
CDKN2B	5.522878745280337
CDKN2B-AS1	5.522878745280337
CDKN3	6.0
CDO1	8.0
CDON	5.522878745280337
CDR2L	6.045757490560675
CDRT15P3	5.221848749616356
CDX2	5.3979400086720375
CEACAM16	13.397940008672036
CEACAM16-AS1	65.30102999566398
CEACAM19	18.0
CEACAM20	14.0
CEACAM22P	22.69897000433602
CEACAMP5	5.522878745280337
CEBPA	8.698970004336019
CECR7	5.045757490560675
CELA3B	7.698970004336019
CELF1	8.0
CELF2	6.698970004336019
CELF4	9.69897000433602
CELF5	11.30102999566398
CELSR1	5.522878745280337
CEMIP	5.0
CENPE	6.522878745280337
CENPP	6.0
CEP170	9.522878745280336
CEP170B	12.69897000433602
CEP57	7.301029995663981
CEP89	8.301029995663981
CERS4	7.301029995663981
CFAP20DC	6.3979400086720375
CFAP418-AS1	5.221848749616356
CFAP46	6.522878745280337
CHCHD4P2	5.221848749616356
CHD1-DT	8.0
CHD2	6.698970004336019
CHEK2P5	30.221848749616356
CHID1	8.301029995663981
CHLSN	8.0
CHMP7	12.0
CHN2	8.045757490560675
CHRM3	5.3979400086720375
CHRNA2	10.0
CHRNA6	16.154901959985743
CHRNE	12.154901959985745
CHST1	6.3979400086720375
CHST10	7.397940008672037
CHST12	10.69897000433602
CHST14	8.698970004336019
CHST15	5.045757490560675
CHSY1	5.221848749616356
CHSY3	7.698970004336019
CHSY3-AS1	6.698970004336019
CIAO2A	16.69897000433602
CIAO3	5.698970004336019
CICP17	5.301029995663981
CIMIP4	6.301029995663981
CIR1P1	6.301029995663981
CISD1	8.154901959985743
CISD1P1	7.397940008672037
CKAP5	10.522878745280336
CKM	26.045757490560675
CLASRP	17.0
CLCNKB	6.0
CLDN17	8.0
CLDN18	6.301029995663981
CLEC3B	5.301029995663981
CLIC4	15.69897000433602
CLIC5	8.0
CLINT1	8.397940008672037
CLIP1	10.045757490560677
CLIP2	9.0
CLK2	12.69897000433602
CLMN	7.698970004336019
CLNS1A	6.154901959985743
CLPP	30.30102999566398
CLPTM1	63.39794000867204
CLPX	6.3979400086720375
CLSTN1	12.522878745280336
CLTCL1	13.69897000433602
CLU	47.0
CLXN	10.0
CLYBL	25.30102999566398
CMTM5	5.522878745280337
CNGB1	5.301029995663981
CNIH4	8.522878745280337
CNN2	10.096910013008056
CNN2P8	7.397940008672037
CNN3-DT	5.154901959985743
CNTN4	5.045757490560675
CNTN5	5.3979400086720375
CNTN6	5.221848749616356
CNTNAP2	8.698970004336019
CNTNAP5	6.221848749616356
CNTNAP5-DT	9.096910013008056
COA8	10.69897000433602
COBL	5.096910013008056
COG7	7.397940008672037
COL11A1	9.0
COL12A1	7.154901959985743
COL18A1	6.096910013008056
COL21A1	5.096910013008056
COL25A1	5.221848749616356
COL4A4	6.3979400086720375
COL5A1	10.397940008672036
COL6A2-DT	7.522878745280337
COL6A3	5.221848749616356
COL6A4P1	5.522878745280337
COL8A2	9.30102999566398
COLQ	12.096910013008056
COMMD1	11.096910013008056
COP1	5.096910013008056
COP1P1	5.301029995663981
COPDA1	8.0
COQ6	13.69897000433602
CORO2B	5.301029995663981
COX10-DT	7.221848749616356
COX4I2	8.0
COX5A	9.221848749616356
COX7B2	8.0
CPA6	5.522878745280337
CPAMD8P1	5.096910013008056
CPEB1-AS1	7.698970004336019
CPNE4	6.3979400086720375
CPNE8	6.0
CPNE8-AS1	13.0
CPS1	5.3979400086720375
CR1	55.15490195998574
CR1-AS1	55.15490195998574
CR1L	8.301029995663981
CRADD	7.301029995663981
CRBN	7.698970004336019
CRK	16.30102999566398
CROCC	8.397940008672037
CRTC1	7.698970004336019
CRTC3	11.69897000433602
CRY2	12.69897000433602
CRYBB2	31.0
CRYBG1	8.397940008672037
CRYL1	5.0
CSE1L	10.397940008672036
CSF3R	8.698970004336019
CSK	14.0
CSMD1	6.522878745280337
CSMD3	6.698970004336019
CSNK1A1L	5.3979400086720375
CSPG4BP	5.096910013008056
CSRP3-AS1	10.0
CST1	8.301029995663981
CST13P	8.0
CST2	5.3979400086720375
CST2P1	5.096910013008056
CST3	5.522878745280337
CST4	5.522878745280337
CST6	9.0
CST8	8.0
CSTF1	7.522878745280337
CSTP2	8.301029995663981
CSTPP1	8.0
CTAGE12P	5.301029995663981
CTAGE3P	18.045757490560675
CTBP2	5.698970004336019
CTCF	16.69897000433602
CTNNA1	8.522878745280337
CTNNA2	8.0
CTNNA3	7.522878745280337
CTNNBIP1	12.522878745280336
CTNNBL1	5.3979400086720375
CTNND1	11.522878745280336
CTNND2	6.045757490560675
CTSB	9.69897000433602
CTSH	8.397940008672037
CUL2	17.69897000433602
CUL3	9.397940008672036
CUX1	11.30102999566398
CUX2	6.3979400086720375
CUZD1	6.301029995663981
CWC25	8.096910013008056
CXCL1	7.0
CYB561	20.69897000433602
CYCS	6.698970004336019
CYCSP19	5.096910013008056
CYCSP30	10.0
CYCSP43	6.0
CYCSP55	28.522878745280337
CYLC2	5.698970004336019
CYP1A2	14.0
CYP20A1	8.698970004336019
CYP2F1	5.045757490560675
CYP2T3P	5.045757490560675
CYP2U1-AS1	5.698970004336019
CYP3A52P	15.154901959985745
CYP4F44P	13.045757490560677
CYP8B1	17.397940008672037
CYRIA	5.045757490560675
CYRIB	12.69897000433602
CYYR1	11.397940008672036
CYYR1-AS1	7.154901959985743
DAB1	8.301029995663981
DACH1	6.045757490560675
DACH2	6.0
DAG1	20.522878745280337
DAO	12.69897000433602
DAPK2	8.522878745280337
DAPL1	5.3979400086720375
DARS2	7.522878745280337
DAZAP1	9.522878745280336
DBF4P1	5.045757490560675
DCAF12	8.045757490560675
DCAF12-AS1	8.045757490560675
DCAF4	7.522878745280337
DCAF7	6.154901959985743
DCAKD	11.154901959985745
DCBLD1	6.3979400086720375
DCC	7.698970004336019
DCHS2	6.301029995663981
DCLK2	6.154901959985743
DDAH1	13.69897000433602
DDX10	5.698970004336019
DDX18	9.522878745280336
DDX25	6.301029995663981
DDX25-AS1	6.301029995663981
DDX27	7.522878745280337
DDX43P2	8.522878745280337
DDX6	7.522878745280337
DEAF1	8.154901959985743
DEDD	7.698970004336019
DEFA11P	5.301029995663981
DEFA7P	5.301029995663981
DEFB115	7.522878745280337
DENND1A	9.397940008672036
DENND2A	21.0
DENND3	8.522878745280337
DENND4A	8.397940008672037
DENND6A-DT	9.0
DEPDC1-AS1	5.301029995663981
DEPTOR	5.301029995663981
DGAT2-DT	9.0
DGKB	5.045757490560675
DGKI	7.698970004336019
DGKQ	9.522878745280336
DHDDS	7.522878745280337
DHDDS-AS1	7.522878745280337
DHFRP5	21.69897000433602
DHRS2	18.69897000433602
DHX58	11.397940008672036
DHX8	10.045757490560677
DIO2	9.096910013008056
DIO2-AS1	9.096910013008056
DIPK1B	5.096910013008056
DIRAS2	15.69897000433602
DISC1	5.045757490560675
DISC1FP1	7.301029995663981
DLEU1	5.301029995663981
DLG2	8.221848749616356
DLGAP2	9.69897000433602
DLGAP2-AS1	9.69897000433602
DLX5	6.096910013008056
DMAC1	5.698970004336019
DMBX1	6.045757490560675
DMD	6.0
DMXL1	6.045757490560675
DNAAF11P1	5.301029995663981
DNAAF2	5.3979400086720375
DNAH1	5.0
DNAH12	5.045757490560675
DNAH14	9.0
DNAI2	6.301029995663981
DNAJA2	7.301029995663981
DNAJB6P5	9.221848749616356
DNAL1	5.3979400086720375
DNM1P46	5.096910013008056
DNTT	9.69897000433602
DOC2A	12.522878745280336
DOCK1	11.522878745280336
DOCK10	8.0
DOCK3	16.221848749616356
DOCK4	9.522878745280336
DOK6	5.522878745280337
DPP3P2	8.154901959985743
DPP4	8.0
DPPA3P11	6.698970004336019
DPPA3P9	6.698970004336019
DRAXIN	9.30102999566398
DRG2	9.522878745280336
DSCAM	6.154901959985743
DSCAS	5.221848749616356
DSEL	5.0
DSG2	7.301029995663981
DST	9.045757490560677
DSTNP5	5.301029995663981
DTNB	10.154901959985745
DUSP6	12.69897000433602
DUX4L52	8.301029995663981
DVL2	5.3979400086720375
DYM	8.221848749616356
DYNLL1P4	5.045757490560675
DYNLRB2	5.221848749616356
DYNLRB2-AS1	7.0
DYNLT1	5.698970004336019
E2F6P2	7.0
EAPP	10.397940008672036
EBF1	6.0
EBLN3P	5.3979400086720375
ECE1	6.221848749616356
ECHDC2	9.0
ECHDC3	23.69897000433602
EDAR	7.397940008672037
EDIL3-DT	6.096910013008056
EEA1	13.69897000433602
EEF1A1P17	6.522878745280337
EEF1A1P27	5.221848749616356
EEF1A1P28	6.154901959985743
EEF1A1P49	5.3979400086720375
EFCAB10	7.522878745280337
EFCAB12	7.698970004336019
EFCAB3	5.3979400086720375
EFHB	6.698970004336019
EFHD1	6.096910013008056
EFL1	8.522878745280337
EFNA5	6.154901959985743
EGFLAM	9.69897000433602
EGFR	9.69897000433602
EGLN3	5.045757490560675
EGR2	7.301029995663981
EHHADH	7.698970004336019
EIF1P5	15.0
EIF2B3	17.30102999566398
EIF2S2P7	8.698970004336019
EIF3LP1	9.0
EIF4A1P9	10.522878745280336
EIF4E2	6.096910013008056
EIF4E3	5.3979400086720375
EIF4EBP2	8.0
EIF4EBP2P3	20.0
EIF4EP4	8.0
EIF4G3	11.69897000433602
ELAVL1	7.397940008672037
ELAVL3	9.397940008672036
ELMO1	8.0
ELOCP3	10.69897000433602
ELOVL3	11.0
ELOVL7	11.69897000433602
EMB	8.698970004336019
EMBP1	115.69897000433602
EML6	6.698970004336019
EMP1	6.221848749616356
EMSY	5.698970004336019
EMX2OS	8.522878745280337
EN2-DT	6.301029995663981
ENOPH1	6.0
ENPP7P11	7.698970004336019
ENSA	9.096910013008056
EP300-AS1	17.522878745280337
EPB41L1	16.096910013008056
EPB42	8.698970004336019
EPC2	6.0
EPCAM	10.0
EPHA1	10.0
EPHA1-AS1	22.0
EPHA4	7.0
EPHA5	5.698970004336019
EPHB1	5.045757490560675
EPHB4	13.045757490560677
EPHX2	10.0
EPIC1	6.3979400086720375
EPOP	5.698970004336019
EPRS1	8.0
EPS15P1	5.3979400086720375
EPSTI1	8.698970004336019
ERBB3	7.154901959985743
ERBB4	5.522878745280337
ERC2	7.698970004336019
ERCC1	18.0
ERCC2	10.30102999566398
ERCC6L2-AS1	6.522878745280337
ERCC8	11.154901959985745
ERG	5.154901959985743
ERN1	11.69897000433602
ERO1B	6.522878745280337
ERV3-1	7.698970004336019
ERVE-5	5.045757490560675
ERVH-3	9.0
ERVK-28	7.522878745280337
ERVK13-1	6.221848749616356
ESPNL	8.698970004336019
ESPNP	8.397940008672037
ESR2	6.3979400086720375
ESRRB	5.522878745280337
ETFA	8.096910013008056
ETS1	5.154901959985743
ETV1	13.397940008672036
ETV4	10.045757490560677
ETV5	5.096910013008056
EXD1	5.096910013008056
EXD3	12.69897000433602
EXO1	5.3979400086720375
EXOC3L2	43.30102999566398
EXOC4	7.397940008672037
EXOSC4	12.096910013008056
EXOSC8P1	16.0
EXPH5	5.698970004336019
EYA4	6.698970004336019
EZRP1	10.0
F13A1	7.301029995663981
F2R	7.0
F2RL1	7.0
FABP6	7.698970004336019
FADS1	18.154901959985743
FADS2	18.154901959985743
FAM107A	5.096910013008056
FAM110A	5.3979400086720375
FAM124B	7.0
FAM135B	6.045757490560675
FAM151B	9.0
FAM157C	14.221848749616356
FAM157D	5.698970004336019
FAM163A	5.698970004336019
FAM171A1	7.698970004336019
FAM181A	7.0
FAM181A-AS1	7.0
FAM186A	7.698970004336019
FAM193A	18.69897000433602
FAM193B	8.698970004336019
FAM193B-DT	8.698970004336019
FAM209A	6.698970004336019
FAM20B	9.397940008672036
FAM20C	23.397940008672037
FAM210B	5.3979400086720375
FAM222B	8.397940008672037
FAM227A	13.397940008672036
FAM228B	7.397940008672037
FAM230A	6.0
FAM230B	7.0
FAM240B	8.0
FAM25A	5.522878745280337
FAM47E	8.301029995663981
FAM76B	6.522878745280337
FAM83E	5.096910013008056
FAM95A	7.397940008672037
FANCD2	26.69897000433602
FANCD2OS	10.154901959985745
FAR2	7.698970004336019
FARP1	13.154901959985745
FARP2	41.69897000433602
FAT1	6.3979400086720375
FBN2	8.154901959985743
FBN3	7.301029995663981
FBP1	14.69897000433602
FBXL12P1	5.522878745280337
FBXL13	5.698970004336019
FBXL7	7.301029995663981
FBXO11	10.221848749616356
FBXO21	5.698970004336019
FBXO34	7.698970004336019
FBXO40	6.0
FBXO47	8.698970004336019
FBXW10	7.397940008672037
FCER1G	5.698970004336019
FCN1	5.221848749616356
FCN2	5.154901959985743
FEM1A	11.69897000433602
FEM1B	5.522878745280337
FENDRR	8.0
FERMT2	15.096910013008056
FEZ1	7.522878745280337
FGD5-AS1	5.096910013008056
FGF10	6.698970004336019
FGF19	9.221848749616356
FGF21	9.69897000433602
FGFR3	5.698970004336019
FGGY	5.301029995663981
FHIP1A	5.522878745280337
FHIP1A-DT	8.698970004336019
FHIP2A	9.522878745280336
FHIT	5.045757490560675
FHOD3	5.698970004336019
FIBCD1-AS1	9.096910013008056
FIBP	6.522878745280337
FILNC1	6.221848749616356
FKBP1C	8.045757490560675
FKBP8	5.0
FKBPL	5.522878745280337
FLJ40194	9.522878745280336
FLNB	5.221848749616356
FLRT2	8.0
FMN2	7.154901959985743
FMO1-AS1	5.3979400086720375
FMO2	5.3979400086720375
FNBP4	11.154901959985745
FNIP1	6.3979400086720375
FNIP2	6.522878745280337
FOXB1	5.154901959985743
FOXE1	6.698970004336019
FOXN2	7.522878745280337
FOXO1	8.698970004336019
FOXP1	6.698970004336019
FOXP1-DT	5.3979400086720375
FOXP2	5.698970004336019
FOXP4	7.698970004336019
FOXP4-AS1	7.397940008672037
FRAS1	7.698970004336019
FRG1BP	20.0
FRMD4A	10.0
FRMD4B	5.698970004336019
FRMD5	11.397940008672036
FRMPD4	6.698970004336019
FSCN1	12.30102999566398
FSIP2-AS1	7.522878745280337
FSTL5	5.154901959985743
FTH1P5	9.096910013008056
FTLP18	8.698970004336019
FUNDC2P2	7.698970004336019
FUT10	9.69897000433602
FUT2	12.397940008672036
FUT3	6.221848749616356
FUZ	5.698970004336019
G3BP1	6.698970004336019
G3BP2	8.0
GAB2	10.0
GABBR1	11.69897000433602
GABPA	5.045757490560675
GABRA2	9.0
GABRA4	8.0
GABRB3	5.221848749616356
GABRG3	6.522878745280337
GAK	13.0
GALM	8.0
GALNT10	5.698970004336019
GALNT13	6.0
GALNT15	5.3979400086720375
GALNT17	5.3979400086720375
GALR1	6.0
GAPDHP15	12.69897000433602
GAPDHP41	14.096910013008056
GAPDHP75	5.698970004336019
GAS8	8.0
GATAD2A	8.045757490560675
GATB	5.221848749616356
GAU1	6.698970004336019
GBA3	6.0
GCATP1	11.397940008672036
GCH1	7.698970004336019
GCNT7	6.698970004336019
GDAP2	7.698970004336019
GDF9	5.301029995663981
GDI2P1	8.522878745280337
GEMIN2P2	10.221848749616356
GEMIN7	28.096910013008056
GEMIN7-AS1	28.096910013008056
GFOD1	6.301029995663981
GFPT1	5.301029995663981
GFRA3	8.397940008672037
GGA3	5.0
GGACT	6.045757490560675
GGPS1	5.221848749616356
GGTA2P	5.301029995663981
GHR	13.397940008672036
GID4	9.522878745280336
GIGYF1	7.698970004336019
GIPC3	7.301029995663981
GIPR	21.522878745280337
GJB6	5.0
GJD4	8.154901959985743
GLB1L3	7.522878745280337
GLCCI1	7.397940008672037
GLI2	5.698970004336019
GLI3	5.698970004336019
GLIS3	8.522878745280337
GLRX	5.154901959985743
GLRXP1	9.69897000433602
GMEB1	14.522878745280336
GMNC	8.301029995663981
GMPPB	14.69897000433602
GMPR	10.096910013008056
GNB2	17.221848749616356
GNG7	12.0
GNPATP	5.698970004336019
GNPNAT1	10.30102999566398
GOLPH3L	14.0
GORAB	6.096910013008056
GPAT3	12.221848749616356
GPATCH11P1	8.0
GPATCH2L	5.522878745280337
GPBP1	5.045757490560675
GPC5	5.096910013008056
GPC6	7.154901959985743
GPR137	14.045757490560677
GPR141	12.522878745280336
GPR149	5.3979400086720375
GPT2	7.301029995663981
GPX4	5.096910013008056
GRAMD1B	8.0
GRAMD4P7	8.522878745280337
GRAP	13.0
GRIA1	8.698970004336019
GRIFIN	10.69897000433602
GRIK1	8.0
GRIK2	8.0
GRIK3	5.301029995663981
GRIN2B	5.522878745280337
GRIN3B	9.0
GRIP1	9.522878745280336
GRK5	18.69897000433602
GRM3	5.045757490560675
GRM7-AS3	5.522878745280337
GRM8	7.698970004336019
GRN	19.69897000433602
GSTCD	5.045757490560675
GSTM5P1	5.154901959985743
GTF2F1	6.221848749616356
GTF2H1	8.154901959985743
GTF2H3	10.0
GTF2IP11	6.698970004336019
GTF2IRD1	10.0
GUCY1A2	5.0
GULOP	8.698970004336019
GUSB	12.154901959985745
GUSBP11	8.045757490560675
GUSBP18	5.301029995663981
GUSBP4	11.045757490560677
GUSBP6	5.698970004336019
GYG1P1	5.698970004336019
GYG1P2	7.522878745280337
H19	7.698970004336019
H2BC4	8.301029995663981
H3C12	5.3979400086720375
H3C9P	7.522878745280337
H3P28	5.522878745280337
H3P30	5.096910013008056
H4C8	7.522878745280337
HACE1	10.045757490560677
HACL1	9.096910013008056
HADHA	7.698970004336019
HADHBP1	6.522878745280337
HAGHL	5.698970004336019
HAMP	6.0
HAND1	6.301029995663981
HAS2-AS1	5.045757490560675
HAT1	5.154901959985743
HBB	5.045757490560675
HBD	5.045757490560675
HBEGF	8.154901959985743
HBG2	5.3979400086720375
HCG27	33.221848749616356
HCN1	12.397940008672036
HDAC11-AS1	5.0
HDAC2-AS2	9.0
HDAC9	5.698970004336019
HEATR3	17.69897000433602
HECW1	6.0
HERC2	7.0
HESX1	8.0
HEYL	10.69897000433602
HGH1	21.69897000433602
HID1-AS1	6.045757490560675
HIGD1AP18	9.154901959985745
HIGD1AP3	7.154901959985743
HIGD2AP1	16.0
HINT1	13.69897000433602
HIP1R	9.69897000433602
HIRA	13.69897000433602
HLA-C	33.221848749616356
HLA-DQA1	22.522878745280337
HLA-DQB1	18.69897000433602
HLA-DQB3	16.397940008672037
HLA-DRA	16.69897000433602
HLA-DRB1	22.522878745280337
HLA-DRB5	8.301029995663981
HLA-DRB9	16.69897000433602
HMG20A	13.69897000433602
HMGB1P26	6.221848749616356
HMGB1P45	15.522878745280336
HMGB3P12	6.522878745280337
HMGB3P18	10.69897000433602
HMGB3P23	7.698970004336019
HMGB3P3	8.0
HMGCS1	7.698970004336019
HMGN1	14.69897000433602
HMGN1P11	5.221848749616356
HMGN1P19	5.3979400086720375
HMGN2P18	5.301029995663981
HMGN4	8.0
HNF1B	5.698970004336019
HNF4G	12.0
HNRNPA1P4	5.154901959985743
HNRNPA1P46	7.698970004336019
HNRNPA1P55	7.0
HNRNPA1P56	7.698970004336019
HNRNPA1P61	5.698970004336019
HNRNPCP7	10.522878745280336
HNRNPKP3	7.045757490560675
HNRNPMP2	12.0
HOOK3	14.69897000433602
HOXC-AS3	5.096910013008056
HP1BP3	11.69897000433602
HPCAL1	5.301029995663981
HPGDS	5.045757490560675
HPRT1P2	6.154901959985743
HRK	5.522878745280337
HROB	8.0
HS3ST1	7.698970004336019
HS3ST5	9.0
HS6ST3	5.221848749616356
HSCB	10.221848749616356
HSD17B4	5.3979400086720375
HSP90AA4P	5.301029995663981
HSP90AA6P	6.698970004336019
HSPA1L	12.154901959985745
HSPA5P1	5.221848749616356
HSPA6	8.096910013008056
HSPA8P13	13.045757490560677
HSPA8P5	6.154901959985743
HSPA8P9	6.301029995663981
HSPE1P19	8.698970004336019
HSPG2	7.698970004336019
HTR1A	6.0
HTR1E	6.301029995663981
HTR7	6.522878745280337
HTRA1-AS1	8.698970004336019
HYAL2	7.397940008672037
HYDIN	8.045757490560675
HYI	6.154901959985743
IARS2	7.522878745280337
ICA1	8.154901959985743
ICA1L	14.154901959985745
ICE1	8.0
ICOS	5.301029995663981
IDI1P2	8.698970004336019
IDUA	13.69897000433602
IFNL1	17.522878745280337
IFT81	6.522878745280337
IGDCC4	6.522878745280337
IGF1	5.096910013008056
IGF2	7.698970004336019
IGF2BP2	5.698970004336019
IGF2R	5.3979400086720375
IGHEP1	12.154901959985745
IGHG1	12.154901959985745
IGHG3	10.045757490560677
IGHGP	8.0
IGHV1-68	9.30102999566398
IGHV1-69	9.30102999566398
IGHV1OR21-1	8.698970004336019
IGHV2-70	6.522878745280337
IGHV3-63	11.0
IGHV3-64	11.0
IGHV3-65	9.397940008672036
IGHV3-71	6.522878745280337
IGHVII-65-1	7.301029995663981
IGKV1OR2-118	10.397940008672036
IGLL3P	31.0
IGSF11	6.096910013008056
IGSF23	12.30102999566398
IGSF3	6.301029995663981
IKZF1	5.045757490560675
IKZF4	10.69897000433602
IL12B-AS1	6.0
IL15	6.0
IL17RD	8.0
IL19	6.154901959985743
IL1R1	5.045757490560675
IL1RAP	5.045757490560675
IL21-AS1	5.096910013008056
IL34	20.522878745280337
IL6R	62.22184874961635
IL7R	5.3979400086720375
ILRUN	8.0
ILRUN-AS1	8.154901959985743
IMMP2L	5.221848749616356
IMPA2	5.154901959985743
IMPDH1P7	11.30102999566398
IMPDH1P8	5.3979400086720375
ING2	11.0
INHCAP	6.096910013008056
INO80D	10.0
INPP4B	6.0
INPP5A	10.397940008672036
INPP5B	22.69897000433602
INPP5D	18.69897000433602
INSIG1	6.154901959985743
INSIG1-DT	7.698970004336019
INTS12	5.045757490560675
INTS14	6.522878745280337
INTS2	8.045757490560675
INTS9	5.522878745280337
IP6K1	14.69897000433602
IP6K2	10.69897000433602
IPMK	9.0
IPO5	13.154901959985745
IPO7	18.0
IPPKP1	7.397940008672037
IQCD	9.69897000433602
IQCF2	11.221848749616356
IQCF4P	7.301029995663981
IQCF6	7.301029995663981
IQCK	11.69897000433602
IQGAP1	11.69897000433602
IQGAP2	5.045757490560675
IQUB	7.0
IRAK1BP1	8.0
IRAK2	17.0
IRF6	5.045757490560675
IRF9	8.0
IRGC	11.522878745280336
IRX1	7.698970004336019
ISCA1P1	6.0
ISCA1P6	5.154901959985743
ISL2	8.096910013008056
ISM1	8.096910013008056
ISX	8.698970004336019
ITGA11	5.301029995663981
ITGAX	11.69897000433602
ITGB1BP1	7.301029995663981
ITGB3	12.30102999566398
ITGB5	9.69897000433602
ITGB8	5.221848749616356
ITPKB	7.698970004336019
ITSN2	7.698970004336019
JADRR	6.154901959985743
JAKMIP3	6.522878745280337
JARID2	5.045757490560675
JAZF1	10.045757490560677
JCAD	7.397940008672037
JHY	5.698970004336019
JKAMPP1	6.301029995663981
JMJD1C	7.301029995663981
JUN-DT	5.221848749616356
JUP	8.0
KALRN	10.397940008672036
KANSL1	15.30102999566398
KASH5	6.522878745280337
KAT6A	5.0
KAT8	7.397940008672037
KATNAL2	6.698970004336019
KAZN	5.698970004336019
KBTBD8	5.522878745280337
KCNE2	6.0
KCNF1	7.698970004336019
KCNG1	8.698970004336019
KCNG4	6.0
KCNH1	7.397940008672037
KCNH5	5.522878745280337
KCNH8	6.698970004336019
KCNJ3	12.154901959985745
KCNJ4	5.045757490560675
KCNK1	6.154901959985743
KCNN2	6.045757490560675
KCNN3	5.698970004336019
KCNQ2	8.397940008672037
KCNV2	5.221848749616356
KCTD15	5.0
KCTD9P6	5.301029995663981
KDM1B	7.698970004336019
KDM2A	9.69897000433602
KDM2B-DT	16.096910013008056
KDM4B	8.301029995663981
KDM5B	8.698970004336019
KHDC1	7.301029995663981
KHDRBS2	21.69897000433602
KHSRP	6.221848749616356
KIAA0232	6.0
KIAA2013	9.045757490560677
KIF13B	5.096910013008056
KIF1B	9.0
KIF22	13.0
KIF26A	9.0
KIF3B	8.154901959985743
KIR3DL2	8.096910013008056
KIR3DX1	8.154901959985743
KLC1	11.69897000433602
KLC3	10.30102999566398
KLF16	9.30102999566398
KLF18	7.397940008672037
KLF6	5.221848749616356
KLHDC1	5.154901959985743
KLHDC10	9.0
KLHDC7B-DT	14.0
KLHL10	9.154901959985745
KLHL28	5.154901959985743
KLHL3	5.154901959985743
KLHL4	6.0
KLHL42	8.0
KLHL6	11.0
KMT2C	12.221848749616356
KMT5A	11.221848749616356
KMT5B	8.698970004336019
KPNA2	14.397940008672036
KPNA7	7.698970004336019
KPNB1-DT	5.096910013008056
KRBOX5	5.301029995663981
KRT18P16	9.69897000433602
KRT18P24	5.698970004336019
KRT18P4	7.522878745280337
KRT18P45	5.045757490560675
KRT18P47	7.397940008672037
KRT18P64	7.698970004336019
KRT18P9	28.522878745280337
KRT19P1	5.301029995663981
KRT19P2	7.698970004336019
KRTCAP2	5.301029995663981
KSR1P1	30.221848749616356
L3MBTL3	5.221848749616356
L3MBTL4	6.096910013008056
LAMA1	6.221848749616356
LAMB2	9.0
LAMC3	9.096910013008056
LAMP1	7.045757490560675
LAMTOR4	13.397940008672036
LAP3	8.221848749616356
LARP4	8.0
LARP6	5.301029995663981
LARS1	7.397940008672037
LAT	17.221848749616356
LCMT1	7.397940008672037
LCORL	5.698970004336019
LCP1	6.0
LDAF1	5.698970004336019
LDHBP3	6.045757490560675
LDLR	9.0
LEF1-AS1	10.0
LGI2	5.301029995663981
LGMN	13.397940008672036
LGMNP1	7.698970004336019
LHX1-DT	5.522878745280337
LHX6	6.3979400086720375
LHX9	5.221848749616356
LIAT1	15.0
LIG4	5.3979400086720375
LILRA1	10.0
LILRA2	8.154901959985743
LILRA5	11.221848749616356
LILRB1	10.0
LILRB2	10.397940008672036
LILRB4	7.397940008672037
LILRB5	10.69897000433602
LIMA1	7.698970004336019
LIMASI	7.301029995663981
LIMS2	5.698970004336019
LIN28B	5.301029995663981
LIN9	7.0
LINC00052	6.0
LINC00111	7.698970004336019
LINC00184	5.698970004336019
LINC00240	17.30102999566398
LINC00269	6.0
LINC00290	5.3979400086720375
LINC00343	7.0
LINC00345	6.096910013008056
LINC00355	7.698970004336019
LINC00364	6.0
LINC00375	5.045757490560675
LINC00377	6.698970004336019
LINC00398	5.301029995663981
LINC00423	5.301029995663981
LINC00467	8.221848749616356
LINC00470	7.397940008672037
LINC00489	9.69897000433602
LINC00524	5.096910013008056
LINC00534	18.522878745280337
LINC00543	5.3979400086720375
LINC00550	6.221848749616356
LINC00558	5.154901959985743
LINC00574	14.0
LINC00583	5.221848749616356
LINC00595	5.221848749616356
LINC00609	7.0
LINC00621	5.698970004336019
LINC00680	11.045757490560677
LINC00686	7.154901959985743
LINC00708	5.096910013008056
LINC00861	9.69897000433602
LINC00871	9.154901959985745
LINC00877	6.096910013008056
LINC00895	6.301029995663981
LINC00899	5.154901959985743
LINC00906	5.3979400086720375
LINC00917	8.0
LINC00923	8.698970004336019
LINC00927	7.698970004336019
LINC00939	8.301029995663981
LINC00944	5.096910013008056
LINC00960	8.0
LINC00971	10.397940008672036
LINC00989	7.522878745280337
LINC01003	8.397940008672037
LINC01005	5.045757490560675
LINC01012	11.69897000433602
LINC01016	5.154901959985743
LINC01018	6.301029995663981
LINC01019	8.698970004336019
LINC01030	18.522878745280337
LINC01031	6.522878745280337
LINC01036	6.0
LINC01048	5.045757490560675
LINC01080	6.045757490560675
LINC01081	6.221848749616356
LINC01087	9.69897000433602
LINC01098	5.154901959985743
LINC01099	5.154901959985743
LINC01104	16.69897000433602
LINC01117	8.096910013008056
LINC01121	8.0
LINC01122	5.522878745280337
LINC01141	14.30102999566398
LINC01151	7.154901959985743
LINC01163	5.096910013008056
LINC01170	9.69897000433602
LINC01179	5.221848749616356
LINC01192	9.69897000433602
LINC01226	15.69897000433602
LINC01231	5.698970004336019
LINC01234	9.0
LINC01235	5.221848749616356
LINC01243	6.301029995663981
LINC01247	8.0
LINC01248	6.0
LINC01249	5.522878745280337
LINC01250	5.698970004336019
LINC01252	13.154901959985745
LINC01254	7.698970004336019
LINC01271	6.221848749616356
LINC01288	5.698970004336019
LINC01310	8.397940008672037
LINC01320	10.0
LINC01326	7.522878745280337
LINC01362	5.045757490560675
LINC01377	8.698970004336019
LINC01392	5.096910013008056
LINC01419	7.698970004336019
LINC01428	5.045757490560675
LINC01429	5.698970004336019
LINC01435	5.522878745280337
LINC01440	6.698970004336019
LINC01448	5.045757490560675
LINC01451	9.096910013008056
LINC01470	8.397940008672037
LINC01471	7.0
LINC01482	10.0
LINC01488	14.522878745280336
LINC01499	8.301029995663981
LINC01500	5.154901959985743
LINC01505	5.698970004336019
LINC01532	5.221848749616356
LINC01539	7.045757490560675
LINC01544	10.0
LINC01553	13.522878745280336
LINC01559	6.221848749616356
LINC01561	7.522878745280337
LINC01567	7.397940008672037
LINC01572	9.69897000433602
LINC01602	5.301029995663981
LINC01605	9.69897000433602
LINC01615	13.69897000433602
LINC01623	25.397940008672037
LINC01643	5.301029995663981
LINC01647	6.0
LINC01648	6.698970004336019
LINC01671	7.0
LINC01677	6.698970004336019
LINC01679	6.154901959985743
LINC01680	10.0
LINC01682	6.221848749616356
LINC01684	5.3979400086720375
LINC01685	5.221848749616356
LINC01701	5.698970004336019
LINC01707	5.301029995663981
LINC01712	6.221848749616356
LINC01718	6.522878745280337
LINC01720	11.397940008672036
LINC01725	6.221848749616356
LINC01739	5.221848749616356
LINC01744	5.522878745280337
LINC01755	6.3979400086720375
LINC01756	6.698970004336019
LINC01774	6.0
LINC01776	7.397940008672037
LINC01789	6.698970004336019
LINC01800	18.154901959985743
LINC01801	6.3979400086720375
LINC01808	16.522878745280337
LINC01812	5.522878745280337
LINC01824	8.0
LINC01843	6.0
LINC01854	5.154901959985743
LINC01861	8.698970004336019
LINC01866	5.045757490560675
LINC01868	7.397940008672037
LINC01876	10.0
LINC01877	5.698970004336019
LINC01893	6.0
LINC01898	6.0
LINC01899	5.221848749616356
LINC01900	10.0
LINC01915	5.698970004336019
LINC01916	5.698970004336019
LINC01924	5.698970004336019
LINC01937	11.0
LINC01945	5.221848749616356
LINC01950	8.698970004336019
LINC01957	8.397940008672037
LINC01960	5.3979400086720375
LINC01965	7.0
LINC01979	5.3979400086720375
LINC01991	11.221848749616356
LINC01994	5.154901959985743
LINC01997	5.221848749616356
LINC01999	10.221848749616356
LINC02006	8.698970004336019
LINC02008	6.522878745280337
LINC02015	5.3979400086720375
LINC02016	7.0
LINC02054	12.69897000433602
LINC02057	9.0
LINC02059	15.0
LINC02063	7.698970004336019
LINC02090	17.69897000433602
LINC02092	5.3979400086720375
LINC02098	5.154901959985743
LINC02101	7.221848749616356
LINC02103	5.3979400086720375
LINC02113	8.0
LINC02114	5.3979400086720375
LINC02131	6.154901959985743
LINC02133	15.0
LINC02137	7.301029995663981
LINC02152	6.301029995663981
LINC02165	5.698970004336019
LINC02177	6.522878745280337
LINC02181	5.096910013008056
LINC02182	5.045757490560675
LINC02198	5.301029995663981
LINC02210	6.3979400086720375
LINC02210-CRHR1	14.0
LINC02211	6.3979400086720375
LINC02214	6.698970004336019
LINC02227	6.0
LINC02240	6.698970004336019
LINC02245	5.3979400086720375
LINC02253	8.698970004336019
LINC02265	8.522878745280337
LINC02268	10.522878745280336
LINC02271	9.221848749616356
LINC02276	6.0
LINC02277	11.221848749616356
LINC02279	6.522878745280337
LINC02295	5.301029995663981
LINC02299	5.522878745280337
LINC02303	5.522878745280337
LINC02304	6.0
LINC02307	5.522878745280337
LINC02319	5.698970004336019
LINC02323	14.30102999566398
LINC02325	8.397940008672037
LINC02327	8.0
LINC02328	8.0
LINC02333	31.154901959985743
LINC02335	5.522878745280337
LINC02360	7.698970004336019
LINC02361	9.096910013008056
LINC02370	5.522878745280337
LINC02375	6.096910013008056
LINC02382	5.221848749616356
LINC02392	5.3979400086720375
LINC02406	13.0
LINC02414	5.522878745280337
LINC02422	8.698970004336019
LINC02429	6.698970004336019
LINC02432	5.698970004336019
LINC02438	8.0
LINC02456	5.096910013008056
LINC02459	10.69897000433602
LINC02460	5.154901959985743
LINC02466	6.3979400086720375
LINC02468	14.397940008672036
LINC02483	5.154901959985743
LINC02494	6.698970004336019
LINC02496	8.221848749616356
LINC02497	6.3979400086720375
LINC02498	17.69897000433602
LINC02500	5.3979400086720375
LINC02508	5.301029995663981
LINC02509	9.0
LINC02512	6.698970004336019
LINC02513	7.397940008672037
LINC02518	6.154901959985743
LINC02532	6.301029995663981
LINC02538	6.0
LINC02541	8.154901959985743
LINC02549	9.0
LINC02550	6.154901959985743
LINC02553	10.69897000433602
LINC02557	9.397940008672036
LINC02562	5.154901959985743
LINC02568	15.69897000433602
LINC02585	8.397940008672037
LINC02607	5.698970004336019
LINC02609	10.221848749616356
LINC02613	5.3979400086720375
LINC02619	6.698970004336019
LINC02623	13.522878745280336
LINC02624	6.221848749616356
LINC02629	6.154901959985743
LINC02639	5.221848749616356
LINC02645	9.397940008672036
LINC02646	6.0
LINC02651	6.301029995663981
LINC02653	6.522878745280337
LINC02660	5.522878745280337
LINC02661	5.522878745280337
LINC02667	5.096910013008056
LINC02670	10.69897000433602
LINC02680	9.154901959985745
LINC02689	13.69897000433602
LINC02691	9.0
LINC02695	60.69897000433602
LINC02699	8.522878745280337
LINC02705	16.096910013008056
LINC02713	5.3979400086720375
LINC02715	5.154901959985743
LINC02719	5.0
LINC02739	5.301029995663981
LINC02748	8.698970004336019
LINC02750	41.22184874961635
LINC02756	8.698970004336019
LINC02757	5.698970004336019
LINC02759	5.301029995663981
LINC02761	13.154901959985745
LINC02762	7.045757490560675
LINC02763	7.045757490560675
LINC02770	10.0
LINC02772	5.045757490560675
LINC02775	5.154901959985743
LINC02782	5.154901959985743
LINC02784	7.698970004336019
LINC02790	6.698970004336019
LINC02798	8.0
LINC02808	15.522878745280336
LINC02814	7.522878745280337
LINC02816	5.3979400086720375
LINC02822	5.3979400086720375
LINC02834	5.698970004336019
LINC02836	6.698970004336019
LINC02838	8.522878745280337
LINC02851	8.0
LINC02852	5.096910013008056
LINC02862	5.221848749616356
LINC02869	10.045757490560677
LINC02877	8.698970004336019
LINC02879	6.0
LINC02885	8.698970004336019
LINC02898	7.301029995663981
LINC02907	5.096910013008056
LINC02923	5.096910013008056
LINC02930	7.522878745280337
LINC02934	20.522878745280337
LINC02935	7.0
LINC02940	7.698970004336019
LINC02941	6.221848749616356
LINC02942	5.045757490560675
LINC02946	11.096910013008056
LINC02955	6.154901959985743
LINC02973	5.045757490560675
LINC02974	5.698970004336019
LINC02987	5.045757490560675
LINC02991	10.0
LINC03006	9.0
LINC03007	5.154901959985743
LINC03015	5.698970004336019
LINC03021	5.221848749616356
LINC03022	5.698970004336019
LINC03041	5.3979400086720375
LINC03054	10.0
LINC03070	6.522878745280337
LINC03076	5.522878745280337
LINC03085	7.522878745280337
LINC03122	10.522878745280336
LINC03124	8.045757490560675
LINC03131	6.301029995663981
LINC03138	6.3979400086720375
LINC03140	6.154901959985743
LINC03141	6.154901959985743
LINC03142	21.30102999566398
LINGO1	13.69897000433602
LINGO2	5.698970004336019
LINP1	8.301029995663981
LIPC	5.698970004336019
LIPC-AS1	5.698970004336019
LIPE-AS1	5.522878745280337
LIPG	11.69897000433602
LMAN2	7.0
LMOD3	5.698970004336019
LMX1A	7.698970004336019
LMX1A-AS1	6.0
LNC-LBCS	6.3979400086720375
LNCEGFL7OS	9.096910013008056
LNCOB1	276.69897000433605
LNCOG	5.221848749616356
LNCRNA-IUR	6.522878745280337
LNX2	5.3979400086720375
LOHAN2	5.221848749616356
LOLI1	5.3979400086720375
LPXN	9.30102999566398
LRAT	5.522878745280337
LRATD2	6.522878745280337
LRBA	9.397940008672036
LRFN1	17.522878745280337
LRFN2	32.69897000433602
LRP1B	7.0
LRRC25	11.0
LRRC2P1	14.69897000433602
LRRC38	8.154901959985743
LRRC4C	5.096910013008056
LRRIQ3	5.096910013008056
LRRK1-AS1	5.221848749616356
LRRK2	15.0
LRRN2	10.69897000433602
LSAMP	8.0
LSINCT5	6.221848749616356
LSM12	7.698970004336019
LSM2	12.154901959985745
LSP1P5	10.397940008672036
LTBP1	8.397940008672037
LTN1	8.397940008672037
LUC7L	9.0
LUC7L3	14.69897000433602
LUNAR1	9.0
LUZP2	7.698970004336019
LY75	12.522878745280336
LY75-CD302	12.522878745280336
LYPD5	9.0
LYPLA1P1	7.0
MACF1	17.096910013008056
MACIR	5.221848749616356
MACROD2	5.522878745280337
MAD1L1	6.0
MADD	15.522878745280336
MAF	12.0
MAF1	21.522878745280337
MAILR	6.0
MAK	8.096910013008056
MAML3	10.221848749616356
MAMSTR	5.301029995663981
MANBAL	7.397940008672037
MAP10	5.522878745280337
MAP1S	5.045757490560675
MAP2K3	15.0
MAP2K5	5.221848749616356
MAP3K20	8.0
MAP3K20-AS1	8.0
MAP3K4	5.096910013008056
MAP4	6.522878745280337
MAP4K4	7.397940008672037
MAP7D3	6.0
MAPK6	10.0
MAPK6-DT	10.0
MAPK7	6.0
MAPKAP1	10.0
MAPKAPK5	12.096910013008056
MAPRE1P2	5.698970004336019
MAPT	15.045757490560677
MAPT-AS1	7.154901959985743
MARCHF1	5.522878745280337
MARCKS	8.154901959985743
MARK2	7.522878745280337
MARK2P15	7.301029995663981
MARK4	70.39794000867204
MARVELD1	9.522878745280336
MAS1	5.3979400086720375
MAST2	9.30102999566398
MAU2	8.045757490560675
MAVS	14.30102999566398
MB21D2	24.397940008672037
MBIP	7.0
MBL1P	12.69897000433602
MC3R	5.3979400086720375
MCFD2P1	5.301029995663981
MCPH1	5.221848749616356
MCTP2	6.0
MDFI	7.698970004336019
MDFIC	5.698970004336019
MDM4	7.698970004336019
ME3	9.522878745280336
MECOM	5.698970004336019
MED12L	6.522878745280337
MED13	12.522878745280336
MED20	10.0
MED28P5	10.69897000433602
MEF2C	10.69897000433602
MEF2C-AS1	10.69897000433602
MEFV	8.397940008672037
MEGF10	6.096910013008056
MEI1	9.154901959985745
MEI4	8.0
MEIKIN	6.522878745280337
MEIOSIN	7.301029995663981
MELK	14.0
METRN	5.154901959985743
MFSD10	7.698970004336019
MFSD14CP	7.698970004336019
MFSD4BP1	6.0
MGAT5	9.522878745280336
MGC27382	8.154901959985743
MGME1	5.301029995663981
MGMT	13.69897000433602
MIB1	23.045757490560675
MICAL2	6.522878745280337
MICALL2	5.522878745280337
MID1	5.154901959985743
MIMT1	13.30102999566398
MINDY2-DT	18.397940008672037
MIOS-DT	8.522878745280337
MIR1202	8.397940008672037
MIR1297	6.045757490560675
MIR1302-7	9.522878745280336
MIR137HG	6.698970004336019
MIR142HG	9.0
MIR155HG	6.522878745280337
MIR2113	20.0
MIR29B2CHG	8.096910013008056
MIR302F	6.0
MIR30B	5.3979400086720375
MIR31HG	5.096910013008056
MIR3201	12.69897000433602
MIR320D1	8.698970004336019
MIR34AHG	9.397940008672036
MIR3622B	6.0
MIR3685	5.0
MIR3689F	5.154901959985743
MIR378C	8.522878745280337
MIR3908	5.045757490560675
MIR422A	8.522878745280337
MIR4268	7.0
MIR4280HG	15.0
MIR4300HG	7.096910013008056
MIR4309	14.30102999566398
MIR4318	9.69897000433602
MIR4431	6.301029995663981
MIR4432HG	6.0
MIR4454	8.522878745280337
MIR4527HG	8.0
MIR4689	5.154901959985743
MIR4752	11.221848749616356
MIR497HG	6.154901959985743
MIR5197	6.045757490560675
MIR548A1HG	5.0
MIR548AB	19.154901959985743
MIR548AE1	7.698970004336019
MIR548AG1	9.221848749616356
MIR548H4	6.096910013008056
MIR5692A2	5.154901959985743
MIR5702	6.698970004336019
MIR5708	5.154901959985743
MIR572	17.69897000433602
MIR633	6.0
MIR646HG	6.522878745280337
MIR670HG	8.698970004336019
MIR7-3HG	11.69897000433602
MIR7154	6.3979400086720375
MIR8074	7.698970004336019
MIR9-2HG	13.522878745280336
MIR924HG	9.30102999566398
MIX23P2	5.698970004336019
MKLN1	5.301029995663981
MKNK1	5.221848749616356
MKNK2P1	14.69897000433602
MKRN1	21.0
MKX	9.154901959985745
MLLT3	5.3979400086720375
MLPH	5.221848749616356
MLXIPL	20.154901959985743
MMADHC-DT	5.522878745280337
MMD2	7.522878745280337
MME	11.397940008672036
MMP12	43.69897000433602
MMP3	43.69897000433602
MMS22L	8.096910013008056
MOB1A	7.698970004336019
MOB1B	7.397940008672037
MOB3B	5.698970004336019
MOB3C	5.221848749616356
MOBP	7.0
MOG	17.30102999566398
MORC1	7.301029995663981
MORC1-AS1	7.301029995663981
MORC2-AS1	18.0
MORN3	39.69897000433602
MPDZ	6.3979400086720375
MPHOSPH6-DT	5.221848749616356
MPHOSPH9	10.154901959985745
MPP3	6.221848749616356
MPP7	5.045757490560675
MPPE1P1	5.045757490560675
MPZL1	6.0
MRC1	8.522878745280337
MRM1	5.522878745280337
MROH1	9.221848749616356
MRPL39	6.522878745280337
MRPL50P1	5.522878745280337
MRPL50P4	10.522878745280336
MRPL57P6	7.045757490560675
MRPL58	7.698970004336019
MRPS30	6.3979400086720375
MRPS31P1	10.0
MRPS36P2	6.3979400086720375
MS4A2	15.221848749616356
MS4A3	7.301029995663981
MS4A4A	41.39794000867204
MS4A4E	20.69897000433602
MS4A6A	53.69897000433602
MS4A6E	11.30102999566398
MSANTD1	6.221848749616356
MSH2	6.096910013008056
MSH6	8.698970004336019
MSR1	5.301029995663981
MSRA	7.154901959985743
MSRB2	9.0
MSX2	5.154901959985743
MTARC2P1	6.096910013008056
MTATP6P14	6.698970004336019
MTATP6P21	8.096910013008056
MTATP6P24	7.522878745280337
MTATP6P26	18.0
MTATP6P30	6.301029995663981
MTCO3P1	18.69897000433602
MTCO3P30	6.0
MTCO3P40	8.0
MTCYBP27	5.698970004336019
MTDH	9.397940008672036
MTDHP1	6.221848749616356
MTHFD1L	9.69897000433602
MTHFD2P1	5.301029995663981
MTM1	7.096910013008056
MTMR14	6.0
MTMR2	8.301029995663981
MTMR3	9.397940008672036
MTMR9P1	11.0
MTND2P8	5.698970004336019
MTND2P9	5.698970004336019
MTND3P4	6.154901959985743
MTND5P40	5.0
MTRFR	15.221848749616356
MTSS2	13.522878745280336
MUC12-AS1	8.397940008672037
MUC17	8.397940008672037
MUC19	15.0
MUC6	9.397940008672036
MUPP	5.096910013008056
MVB12B	8.096910013008056
MVD	6.154901959985743
MVK	8.397940008672037
MXI1	5.522878745280337
MYCBP	11.69897000433602
MYDGF	9.154901959985745
MYL10	11.30102999566398
MYMK	12.221848749616356
MYO15A	9.0
MYO16	7.698970004336019
MYO1C	7.301029995663981
MYO1E	5.221848749616356
MYOCOS	12.154901959985745
MYOM2	5.301029995663981
MYOZ2	5.221848749616356
MYPN	8.096910013008056
MYRIP	5.3979400086720375
MYT1L	5.698970004336019
Metazoa_SRP	13.0
NAALADL2	9.154901959985745
NACAP2	5.522878745280337
NACAP5	8.221848749616356
NALF1	5.3979400086720375
NANOS2	17.69897000433602
NARS2	5.522878745280337
NAV2	6.3979400086720375
NBAS	5.301029995663981
NBEAL1	9.0
NBPF11	5.301029995663981
NBPF3	8.221848749616356
NBPF4	8.221848749616356
NCAM1-AS2	5.522878745280337
NCAPGP2	7.154901959985743
NCK2	14.522878745280336
NCKAP5	11.096910013008056
NCKIPSD	8.397940008672037
NCL	16.0
NCOA5LP	6.698970004336019
NCOR2	10.69897000433602
NCR2	7.397940008672037
NCS1	6.154901959985743
NDRG2	5.301029995663981
NDST4	9.30102999566398
NDUFA10	10.0
NDUFA12	6.3979400086720375
NDUFA4P2	19.154901959985743
NDUFA9	6.698970004336019
NDUFAB1	8.698970004336019
NDUFAF2	11.221848749616356
NDUFAF6	8.698970004336019
NDUFAF7	5.522878745280337
NDUFS5P4	8.0
NECAB1	6.221848749616356
NECAP1P1	8.0
NECTIN2	300.0
NEGR1	15.0
NEK7	5.221848749616356
NELFA	5.154901959985743
NENFP3	6.045757490560675
NEO1	8.045757490560675
NEPRO-AS1	5.3979400086720375
NEUROD6	7.397940008672037
NF1P12	24.30102999566398
NFAT5	10.522878745280336
NFATC2	9.096910013008056
NFIA	11.397940008672036
NFIB	7.698970004336019
NFIC	7.698970004336019
NFIL3	5.698970004336019
NFIX	7.0
NFU1P1	5.3979400086720375
NGRNP1	9.69897000433602
NGRNP2	5.301029995663981
NHIP	8.397940008672037
NHLH1	5.522878745280337
NIBAN2	7.698970004336019
NID2	5.3979400086720375
NIFKP9	138.69897000433602
NIHCOLE	6.522878745280337
NINJ1	15.397940008672036
NIPA2P5	8.045757490560675
NIT2	6.522878745280337
NKAIN2	6.221848749616356
NKAIN3	8.096910013008056
NKAPL	7.397940008672037
NKPD1	37.69897000433602
NKX2-6	5.522878745280337
NLGN4X	5.698970004336019
NLRP2	9.221848749616356
NLRP7	9.221848749616356
NMD3	5.3979400086720375
NME5	10.69897000433602
NME8	12.522878745280336
NME9	5.096910013008056
NMNAT1P2	6.0
NMRAL2P	5.096910013008056
NMT1	11.154901959985745
NOC4L	9.096910013008056
NOLC1	11.0
NOP56P1	25.397940008672037
NOS1	5.698970004336019
NOTCH1	7.154901959985743
NOVA2	17.69897000433602
NPAP1L	5.698970004336019
NPAP1P6	5.096910013008056
NPAS2	7.397940008672037
NPAS3	5.301029995663981
NPBWR1	12.096910013008056
NPC1	7.698970004336019
NPEPPS	5.096910013008056
NPHP4	8.0
NPIPB10P	17.221848749616356
NPM1P10	10.045757490560677
NPM1P11	6.301029995663981
NPM1P48	5.522878745280337
NPR3	5.3979400086720375
NPS	6.221848749616356
NR3C2	6.221848749616356
NRF1	12.221848749616356
NRG1	5.221848749616356
NRIP3	9.522878745280336
NRP1	7.698970004336019
NRTN	10.397940008672036
NRXN1	8.0
NRXN1-DT	7.301029995663981
NRXN2	11.154901959985745
NRXN3	22.0
NSF	7.0
NSMCE2	7.522878745280337
NSUN2	5.154901959985743
NSUN4	20.397940008672037
NTF3	7.397940008672037
NTM	6.0
NTRK2	8.698970004336019
NTRK3	6.0
NTSR1	5.522878745280337
NUBP1	7.522878745280337
NUDT12	6.522878745280337
NUMA1	14.0
NUMB	5.301029995663981
NUP155	8.0
NUP160	13.522878745280336
NUP50P4	5.045757490560675
NUP85	24.69897000433602
NUTF2	12.0
NXN	7.301029995663981
NXNP1	21.69897000433602
NYAP2	6.698970004336019
OACYLP	5.096910013008056
OARD1	13.69897000433602
OASL	18.522878745280337
OBI1-AS1	5.154901959985743
OCSTAMP	6.522878745280337
OFCC1	5.221848749616356
OGA	9.522878745280336
OLFM1	5.221848749616356
OLFM3	9.0
ONECUT2	5.096910013008056
OPA3	24.522878745280337
OPCML	5.698970004336019
OPLAH	12.096910013008056
OPTC	9.0
OPTN	6.0
OR10A6	5.045757490560675
OR1D2	9.154901959985745
OR1E3	9.154901959985745
OR2AE1	15.154901959985745
OR2B2	8.397940008672037
OR2W6P	8.397940008672037
OR4A43P	7.0
OR4A44P	39.69897000433602
OR4A45P	7.0
OR4A6P	67.52287874528034
OR4B1	6.3979400086720375
OR4C10P	17.096910013008056
OR4C2P	6.045757490560675
OR4C3	29.397940008672037
OR4C5	6.045757490560675
OR4C50P	41.22184874961635
OR4C7P	25.69897000433602
OR4C9P	17.096910013008056
OR4D7P	5.301029995663981
OR4R2P	25.69897000433602
OR4S1	9.221848749616356
OR5BK1P	7.397940008672037
OR5BT1P	7.397940008672037
OR5D13	7.397940008672037
OR5D14	22.69897000433602
OR5D17P	11.0
OR5D3P	11.0
OR5G1P	9.096910013008056
OR5G4P	9.096910013008056
OR5K1	5.045757490560675
OR5K2	5.045757490560675
OR5L1	22.69897000433602
OR5V1	17.397940008672037
OR6C1	5.3979400086720375
OR6C5P	5.3979400086720375
OR7E109P	5.301029995663981
OR7E10P	5.154901959985743
OR7H2P	9.30102999566398
OR8H1	13.522878745280336
ORAI1	24.30102999566398
ORM1	5.301029995663981
ORM2	5.301029995663981
OSBP2	18.0
OSBPL5	5.221848749616356
OSBPL6	7.301029995663981
OSTN	8.301029995663981
OTOF	6.221848749616356
OTOGL	6.301029995663981
OTOL1	5.301029995663981
OTULIN	10.221848749616356
OTX2P1	6.3979400086720375
OVCH1-AS1	6.221848749616356
OVOL2	5.301029995663981
OXA1L-DT	7.698970004336019
P4HA3	9.096910013008056
PA2G4	7.154901959985743
PABPC4	10.69897000433602
PACS2	5.096910013008056
PADI2	7.698970004336019
PAIP1	9.522878745280336
PAK1	6.154901959985743
PAK2	7.522878745280337
PAK4	10.30102999566398
PAK5	5.045757490560675
PARD3	6.154901959985743
PARD6G	10.0
PARN	7.522878745280337
PARP10	6.154901959985743
PARP1P2	10.221848749616356
PARP8	8.698970004336019
PARVB	6.301029995663981
PAUPAR	13.0
PAX2	5.221848749616356
PAX3	5.221848749616356
PBX1	5.522878745280337
PBX3	8.096910013008056
PBX4	9.0
PCAT14	9.397940008672036
PCBD2	12.69897000433602
PCBP2P3	6.045757490560675
PCCA	7.522878745280337
PCDH11X	6.698970004336019
PCDH15	5.698970004336019
PCDH17	14.69897000433602
PCDH7	5.301029995663981
PCDHA1	5.522878745280337
PCDHA2	5.522878745280337
PCDHA3	5.522878745280337
PCDHA4	5.522878745280337
PCDHGA1	9.397940008672036
PCDHGA2	9.397940008672036
PCDHGA3	9.397940008672036
PCDHGA4	9.397940008672036
PCDHGB1	9.397940008672036
PCDHGB2	9.397940008672036
PCED1B	6.522878745280337
PCGF3	6.3979400086720375
PCLAF	8.096910013008056
PCNT	10.522878745280336
PCNX1	5.221848749616356
PCSEAT	7.698970004336019
PCSK5	5.045757490560675
PDCD1LG2	6.096910013008056
PDCD6	7.522878745280337
PDCD6-AHRR	7.522878745280337
PDCD6-DT	7.522878745280337
PDCD6IPP2	8.221848749616356
PDE10A	8.301029995663981
PDE1A	5.698970004336019
PDE3A-AS1	14.397940008672036
PDE4B	8.301029995663981
PDE4D	7.698970004336019
PDE6B	8.698970004336019
PDE7B	8.0
PDE7B-AS1	8.0
PDE8A	7.522878745280337
PDE9A	15.69897000433602
PDIK1L	9.397940008672036
PDK4-AS1	7.397940008672037
PDLIM1P3	28.154901959985743
PDP1	14.0
PDS5B	5.698970004336019
PDXDC2P	9.522878745280336
PDXDC2P-NPIPB14P	9.522878745280336
PDZD2	21.0
PDZD8	8.522878745280337
PECAM1	16.522878745280337
PEMT	10.397940008672036
PER3P1	5.096910013008056
PERPP1	5.045757490560675
PEX14	10.0
PEX6	5.154901959985743
PFDN1	11.0
PFKFB4	7.522878745280337
PFKP-DT	9.397940008672036
PGAM1P5	11.69897000433602
PGAM5P1	12.045757490560677
PGBD1	5.221848749616356
PGM5P2	9.221848749616356
PGPEP1	5.698970004336019
PHACTR2	6.045757490560675
PHACTR4	8.522878745280337
PHF10P2	8.698970004336019
PHF14	8.0
PHF21B	7.698970004336019
PHF3	10.0
PHKG1P3	6.698970004336019
PICALM	50.15490195998574
PID1	6.0
PIEZO2	7.301029995663981
PIK3AP1	5.698970004336019
PIK3C2B	7.698970004336019
PIK3C2G	6.0
PIK3CD	24.69897000433602
PIK3CG	5.0
PIK3IP1-DT	7.522878745280337
PIK3R1	5.301029995663981
PIK3R6	8.0
PILRA	35.69897000433602
PILRB	18.0
PIP4K2A	7.522878745280337
PIP5K1C	5.154901959985743
PITPNA	6.154901959985743
PITPNC1	7.698970004336019
PITPNM2	15.154901959985745
PITX3	10.522878745280336
PIWIL1	5.3979400086720375
PKDCC	7.301029995663981
PKIA-AS1	9.154901959985745
PKMP4	5.698970004336019
PKN2-AS1	5.045757490560675
PKNOX2	5.096910013008056
PKP2	8.045757490560675
PLA2G10FP	7.397940008672037
PLA2R1	8.0
PLAUR	11.522878745280336
PLCG2	16.154901959985743
PLCH1	14.397940008672036
PLCL1	11.0
PLCXD3	8.0
PLD2	17.0
PLEC	10.522878745280336
PLEKHA1	8.522878745280337
PLEKHB2P1	7.096910013008056
PLEKHG1	5.698970004336019
PLEKHG4B	8.0
PLEKHM1	6.221848749616356
PLIN3	7.301029995663981
PLIN4	7.698970004336019
PLIN5	7.698970004336019
PLK2	7.221848749616356
PLOD1	9.045757490560677
PLPP4	6.221848749616356
PLPP7	8.698970004336019
PLPPR5-AS1	8.0
PLXDC1	10.154901959985745
PMAIP1	7.096910013008056
PMS1	5.0
PMS2CL	7.522878745280337
PMS2P1	31.30102999566398
PNCRNA-D	14.522878745280336
PNLIPRP1	7.698970004336019
PNLIPRP2	7.698970004336019
PNMA1	5.3979400086720375
PNP	5.221848749616356
PNPLA7	7.096910013008056
PNRC2P1	7.698970004336019
POC1B	12.69897000433602
POLN	5.221848749616356
POLR1G	7.301029995663981
POLR2D	14.69897000433602
POLR2DP2	5.096910013008056
POLR2E	5.096910013008056
POLR3B	6.522878745280337
POLRMTP1	20.221848749616356
POM121L6P	17.30102999566398
POT1-AS1	7.698970004336019
POTEC	8.522878745280337
POTEKP	9.69897000433602
PPIAL4F	10.69897000433602
PPIAP16	5.221848749616356
PPIAP17	5.522878745280337
PPIAP45	6.522878745280337
PPIAP48	5.698970004336019
PPIAP55	20.69897000433602
PPIAP59	5.698970004336019
PPIAP79	6.096910013008056
PPID	6.522878745280337
PPIG	19.30102999566398
PPIL2	5.221848749616356
PPIL6	12.397940008672036
PPM1L	5.154901959985743
PPP1CC	7.698970004336019
PPP1R11P1	6.221848749616356
PPP1R13L	9.69897000433602
PPP1R1AP2	12.0
PPP1R21-DT	7.045757490560675
PPP1R2P5	7.522878745280337
PPP1R37	70.39794000867204
PPP1R3A	5.221848749616356
PPP1R3B	6.522878745280337
PPP1R42	6.698970004336019
PPP1R9B	8.154901959985743
PPP2R3A	9.397940008672036
PPP3R1-AS1	7.045757490560675
PPP4R3A	6.096910013008056
PPP6R2	10.522878745280336
PPT2	5.522878745280337
PRAMENP	7.0
PRCPP1	7.397940008672037
PRDM9	13.397940008672036
PRDX3	18.69897000433602
PRELID2	8.0
PRELID3A	5.301029995663981
PREX1	10.522878745280336
PREX2	5.221848749616356
PRG2	10.522878745280336
PRICKLE1	9.096910013008056
PRICKLE2	5.301029995663981
PRIM2	20.221848749616356
PRIM2BP	27.0
PRKAA1	6.0
PRKAG2	5.698970004336019
PRKAR2B	5.0
PRKCH	5.154901959985743
PRKD3	9.0
PRKG1	5.698970004336019
PRKN	5.522878745280337
PROCA1	10.0
PROK2	8.0
PROS2P	7.522878745280337
PROX1-AS1	7.698970004336019
PRPF38AP1	5.096910013008056
PRPF40B	9.221848749616356
PRR14	13.221848749616356
PRR15-DT	8.045757490560675
PRR3P1	5.0
PRR5-ARHGAP8	8.221848749616356
PRRC2A	5.698970004336019
PRRC2C	6.045757490560675
PRRX1	5.154901959985743
PRSS12	8.154901959985743
PRSS16	10.154901959985745
PRSS23	9.522878745280336
PRSS36	8.301029995663981
PSD	9.397940008672036
PSD3	8.0
PSG11-AS1	7.522878745280337
PSMA2P2	14.0
PSMA6P3	7.522878745280337
PSMA6P4	5.045757490560675
PSMC3	12.0
PSME4	11.69897000433602
PSPC1P1	7.397940008672037
PSTPIP1	5.3979400086720375
PTCD2	8.698970004336019
PTCHD4	5.698970004336019
PTDSS2	8.0
PTGDR	5.698970004336019
PTGER2	6.3979400086720375
PTGES3	19.0
PTK2B	24.0
PTMAP10	8.154901959985743
PTMAP5	7.522878745280337
PTN	7.698970004336019
PTPN21	10.0
PTPN9	9.522878745280336
PTPRC	10.69897000433602
PTPRD	7.698970004336019
PTPRF	9.0
PTPRG	7.397940008672037
PTPRJ	6.3979400086720375
PTPRM	5.3979400086720375
PTPRN2	14.096910013008056
PTPRO	5.096910013008056
PTPRS	13.397940008672036
PUF60	5.522878745280337
PUM3	5.3979400086720375
PURPL	5.3979400086720375
PUS1	5.3979400086720375
PVR	65.30102999566398
PVRIG2P	18.0
PWRN1	14.0
PWWP2A	7.698970004336019
PYGL	6.221848749616356
PYM1	10.0
QDPR	5.522878745280337
QKI	5.3979400086720375
QKILA	7.397940008672037
R3HCC1	12.0
R3HDM2P2	8.0
RAB11AP2	5.301029995663981
RAB1A	9.221848749616356
RAB20	5.698970004336019
RAB21	8.0
RAB23	20.221848749616356
RAB31	5.0
RAB3D	6.096910013008056
RAB40C	8.154901959985743
RAB6A	12.0
RAB7A	7.698970004336019
RAB9BP1	6.045757490560675
RABEP1	9.522878745280336
RABEPKP1	6.0
RABGEF1	8.154901959985743
RABGEF1P3	8.221848749616356
RAC1	8.096910013008056
RAC1P2	9.0
RACK1	8.0
RADIL	7.522878745280337
RAI14-DT	5.096910013008056
RAMP1	5.154901959985743
RANGAP1	8.301029995663981
RANP7	6.301029995663981
RAP1A	6.096910013008056
RAP1BP2	10.0
RAP1GAP2	11.0
RAPGEF2	7.522878745280337
RAPGEF6	6.221848749616356
RAPSN	12.0
RARB	6.0
RASA3	9.30102999566398
RASEF	5.301029995663981
RASGEF1C	17.69897000433602
RASIP1	6.221848749616356
RASSF10	5.522878745280337
RB1CC1	12.096910013008056
RBBP4P3	21.397940008672037
RBBP4P4	27.0
RBCK1	10.522878745280336
RBFOX1	9.397940008672036
RBFOX2	13.522878745280336
RBFOX3	5.301029995663981
RBM19	5.045757490560675
RBM20	5.522878745280337
RBM23	8.522878745280337
RBM27	7.698970004336019
RBM5	18.69897000433602
RBMS3	5.522878745280337
RBMX2P4	13.397940008672036
RCBTB1	5.301029995663981
RCC2P7	9.045757490560677
RCN2	6.0
REC8	8.0
REDIC1	14.397940008672036
REEP3	6.698970004336019
REG3G	11.69897000433602
REL-DT	8.698970004336019
RELB	36.0
RELN	5.698970004336019
REN	5.301029995663981
RERE	10.522878745280336
RERG	7.0
RERGL	6.0
RESF1	8.301029995663981
RET	7.397940008672037
REXO1	8.0
RFC3	6.221848749616356
RFC5P1	6.698970004336019
RFPL4AP3	6.0
RFX2	13.045757490560677
RFX4	6.522878745280337
RFX6	8.301029995663981
RGS14	7.0
RGS17	5.301029995663981
RGS4	5.096910013008056
RGS6	7.522878745280337
RHOA	21.30102999566398
RHOBTB3	5.154901959985743
RHOH	12.397940008672036
RHOJ	10.221848749616356
RHOU	7.522878745280337
RHPN2	5.154901959985743
RIC8B	7.698970004336019
RIF1	13.096910013008056
RIMBP2	5.3979400086720375
RIMS1	11.221848749616356
RIN3	7.096910013008056
RIPOR3	8.0
RLIG1P1	7.698970004336019
RMDN2	8.0
RMDN2-AS1	8.0
RMEL3	5.045757490560675
RN7SKP102	9.096910013008056
RN7SKP108	5.522878745280337
RN7SKP120	5.096910013008056
RN7SKP122	6.221848749616356
RN7SKP141	6.698970004336019
RN7SKP157	10.522878745280336
RN7SKP159	7.397940008672037
RN7SKP168	5.045757490560675
RN7SKP182	5.301029995663981
RN7SKP188	6.154901959985743
RN7SKP191	7.698970004336019
RN7SKP207	6.154901959985743
RN7SKP211	6.698970004336019
RN7SKP222	5.045757490560675
RN7SKP224	7.522878745280337
RN7SKP250	8.397940008672037
RN7SKP27	5.096910013008056
RN7SKP277	5.096910013008056
RN7SKP280	7.698970004336019
RN7SKP33	5.0
RN7SKP93	6.0
RN7SL152P	8.397940008672037
RN7SL167P	8.397940008672037
RN7SL193P	5.522878745280337
RN7SL217P	23.0
RN7SL271P	8.0
RN7SL278P	6.0
RN7SL299P	6.221848749616356
RN7SL33P	10.522878745280336
RN7SL354P	9.522878745280336
RN7SL415P	6.522878745280337
RN7SL423P	9.69897000433602
RN7SL474P	5.301029995663981
RN7SL504P	11.221848749616356
RN7SL50P	5.301029995663981
RN7SL553P	6.096910013008056
RN7SL554P	7.522878745280337
RN7SL60P	11.522878745280336
RN7SL618P	5.154901959985743
RN7SL633P	7.301029995663981
RN7SL636P	6.221848749616356
RN7SL643P	6.301029995663981
RN7SL691P	5.522878745280337
RN7SL714P	5.301029995663981
RN7SL720P	8.221848749616356
RN7SL722P	9.69897000433602
RN7SL734P	8.154901959985743
RN7SL782P	6.221848749616356
RN7SL786P	9.0
RN7SL7P	7.522878745280337
RN7SL825P	7.698970004336019
RN7SL836P	21.522878745280337
RN7SL97P	5.301029995663981
RNA5-8SP2	12.0
RNA5SP107	6.698970004336019
RNA5SP112	5.096910013008056
RNA5SP178	5.154901959985743
RNA5SP188	9.30102999566398
RNA5SP189	8.698970004336019
RNA5SP207	14.0
RNA5SP208	8.0
RNA5SP261	5.301029995663981
RNA5SP279	10.096910013008056
RNA5SP281	7.698970004336019
RNA5SP30	14.69897000433602
RNA5SP326	6.154901959985743
RNA5SP375	10.30102999566398
RNA5SP43	8.221848749616356
RNA5SP431	12.0
RNA5SP451	10.0
RNA5SP455	6.3979400086720375
RNA5SP459	6.045757490560675
RNA5SP470	5.3979400086720375
RNA5SP487	5.154901959985743
RNA5SP489	5.301029995663981
RNA5SP528	7.522878745280337
RNA5SP533	115.69897000433602
RNA5SP62	5.096910013008056
RNA5SP63	5.096910013008056
RNASE10	5.221848749616356
RNF123	12.0
RNF125	7.397940008672037
RNF130	5.096910013008056
RNF220	6.522878745280337
RNF223	8.0
RNF24	16.154901959985743
RNF38	9.522878745280336
RNF4	18.69897000433602
RNF6	5.301029995663981
RNU1-150P	5.154901959985743
RNU1-18P	10.69897000433602
RNU1-63P	6.0
RNU1-80P	5.698970004336019
RNU2-36P	5.698970004336019
RNU2-48P	8.397940008672037
RNU2-49P	8.0
RNU2-54P	12.0
RNU2-63P	15.522878745280336
RNU2-64P	8.0
RNU2-9P	6.0
RNU4-42P	5.522878745280337
RNU4-43P	6.221848749616356
RNU4-77P	6.154901959985743
RNU4ATAC8P	5.096910013008056
RNU6-1004P	8.698970004336019
RNU6-1037P	6.3979400086720375
RNU6-1060P	6.0
RNU6-1069P	8.698970004336019
RNU6-1229P	7.698970004336019
RNU6-1307P	10.69897000433602
RNU6-1315P	15.096910013008056
RNU6-131P	8.0
RNU6-1325P	8.221848749616356
RNU6-147P	7.522878745280337
RNU6-156P	9.221848749616356
RNU6-18P	9.522878745280336
RNU6-192P	5.154901959985743
RNU6-215P	9.69897000433602
RNU6-21P	6.698970004336019
RNU6-248P	7.522878745280337
RNU6-256P	5.3979400086720375
RNU6-261P	7.522878745280337
RNU6-280P	8.221848749616356
RNU6-281P	6.698970004336019
RNU6-317P	9.69897000433602
RNU6-362P	7.698970004336019
RNU6-374P	6.3979400086720375
RNU6-376P	7.522878745280337
RNU6-381P	6.698970004336019
RNU6-412P	9.0
RNU6-413P	5.522878745280337
RNU6-417P	10.69897000433602
RNU6-456P	6.0
RNU6-471P	9.522878745280336
RNU6-478P	7.301029995663981
RNU6-488P	8.698970004336019
RNU6-543P	7.301029995663981
RNU6-546P	10.0
RNU6-560P	60.69897000433602
RNU6-637P	6.045757490560675
RNU6-63P	5.3979400086720375
RNU6-649P	6.0
RNU6-675P	11.221848749616356
RNU6-679P	6.045757490560675
RNU6-67P	6.045757490560675
RNU6-699P	7.698970004336019
RNU6-706P	9.30102999566398
RNU6-718P	6.698970004336019
RNU6-735P	5.0
RNU6-755P	7.698970004336019
RNU6-765P	8.0
RNU6-793P	13.045757490560677
RNU6-812P	11.69897000433602
RNU6-869P	9.69897000433602
RNU6-891P	7.397940008672037
RNU6-943P	5.045757490560675
RNU6-952P	6.0
RNU6-976P	5.698970004336019
RNU6ATAC13P	5.221848749616356
RNU6ATAC21P	6.698970004336019
RNU6ATAC37P	5.045757490560675
RNU6ATAC4P	8.221848749616356
RNU7-106P	6.301029995663981
RNU7-144P	10.522878745280336
RNU7-149P	8.0
RNU7-14P	11.096910013008056
RNU7-156P	6.045757490560675
RNU7-190P	9.522878745280336
RNU7-29P	8.0
RNU7-53P	7.698970004336019
RNU7-65P	11.0
RNU7-66P	8.0
RNVU1-28	10.69897000433602
ROBO1	12.522878745280336
ROBO2	10.0
ROBO2P1	5.301029995663981
ROR2	5.698970004336019
RORA	5.698970004336019
RORA-AS1	5.522878745280337
RPEP2	6.522878745280337
RPH3A	10.045757490560677
RPH3AL	15.0
RPL10AP3	5.698970004336019
RPL10P14	17.69897000433602
RPL10P2	10.154901959985745
RPL12P23	14.0
RPL12P37	6.522878745280337
RPL12P40	5.301029995663981
RPL12P42	5.3979400086720375
RPL13AP25	6.045757490560675
RPL13AP7	5.301029995663981
RPL15P2	6.522878745280337
RPL17P5	9.0
RPL18P1	8.0
RPL21P119	5.698970004336019
RPL21P16	5.522878745280337
RPL21P17	5.522878745280337
RPL21P2	7.397940008672037
RPL21P32	7.522878745280337
RPL21P35	13.0
RPL21P36	5.522878745280337
RPL21P41	5.522878745280337
RPL21P46	8.0
RPL21P47	5.221848749616356
RPL23	13.69897000433602
RPL23AP12	7.698970004336019
RPL23AP22	6.522878745280337
RPL23AP26	13.0
RPL23AP28	5.221848749616356
RPL23AP38	5.221848749616356
RPL23AP39	5.522878745280337
RPL23AP54	7.397940008672037
RPL23AP59	6.221848749616356
RPL23AP68	10.0
RPL23AP71	10.397940008672036
RPL23P2	8.397940008672037
RPL28	8.698970004336019
RPL29P1	5.221848749616356
RPL29P13	5.3979400086720375
RPL29P25	7.698970004336019
RPL31P13	7.698970004336019
RPL31P31	5.698970004336019
RPL31P40	5.221848749616356
RPL31P5	11.397940008672036
RPL31P9	5.0
RPL32P25	7.397940008672037
RPL34P19	7.698970004336019
RPL34P29	6.698970004336019
RPL35AP11	5.045757490560675
RPL36AP28	9.0
RPL36AP40	7.698970004336019
RPL36P1	6.221848749616356
RPL36P14	5.221848749616356
RPL3P11	5.698970004336019
RPL3P12	6.154901959985743
RPL3P8	5.221848749616356
RPL5P19	6.522878745280337
RPL5P26	6.301029995663981
RPL6	10.522878745280336
RPL6P17	13.045757490560677
RPL6P20	5.698970004336019
RPL6P25	9.397940008672036
RPL6P4	7.698970004336019
RPL7AP12	5.221848749616356
RPL7AP36	5.221848749616356
RPL7AP40	8.0
RPL7AP50	5.045757490560675
RPL7AP61	7.301029995663981
RPL7AP69	13.30102999566398
RPL7AP74	7.522878745280337
RPL7AP79	6.154901959985743
RPL7AP81	8.522878745280337
RPL7L1P20	6.698970004336019
RPL7P47	5.698970004336019
RPL7P6	5.096910013008056
RPL7P60	13.397940008672036
RPL8P1	11.69897000433602
RPLP0P5	8.522878745280337
RPS10P21	6.045757490560675
RPS12P24	5.045757490560675
RPS14P7	5.154901959985743
RPS16P9	26.045757490560675
RPS17P11	6.0
RPS17P2	7.522878745280337
RPS18P6	5.301029995663981
RPS19P6	5.698970004336019
RPS20P12	8.0
RPS20P32	8.0
RPS23P10	8.096910013008056
RPS23P3	7.698970004336019
RPS23P5	6.045757490560675
RPS26P8	6.3979400086720375
RPS27P10	5.3979400086720375
RPS27P4	10.0
RPS29P6	8.221848749616356
RPS2P1	6.221848749616356
RPS2P4	12.69897000433602
RPS3AP17	5.301029995663981
RPS3AP54	8.0
RPS4XP20	8.301029995663981
RPS4XP21	8.301029995663981
RPS4XP7	6.301029995663981
RPS6KA2	6.0
RPS6P12	8.0
RPS8P3	5.221848749616356
RPSAP1	8.698970004336019
RPSAP2	19.045757490560675
RPSAP24	5.3979400086720375
RPSAP37	6.698970004336019
RPSAP72	9.0
RPTOR	6.522878745280337
RRAGC	5.154901959985743
RRAGC-DT	11.69897000433602
RREB1	7.522878745280337
RSPH6A	7.698970004336019
RTF2	6.522878745280337
RUNX2	8.0
SAE1	9.096910013008056
SALL1	6.0
SALL4P5	6.301029995663981
SALRNA2	5.522878745280337
SALRNA3	5.522878745280337
SAMD12-AS1	6.522878745280337
SAMD5	5.096910013008056
SAMD9	7.522878745280337
SAMHD1	35.69897000433602
SAMMSON	6.0
SAMTOR	5.522878745280337
SAP30L	8.0
SAR1B	33.0
SASH1	5.096910013008056
SATB2-AS1	5.698970004336019
SBF2	5.522878745280337
SBNO1	10.30102999566398
SCAMP4	8.397940008672037
SCAPER	22.30102999566398
SCARA3	8.522878745280337
SCARA5	8.397940008672037
SCARB1	8.397940008672037
SCARB2	8.301029995663981
SCFD2	5.698970004336019
SCGB2A1	9.397940008672036
SCIMP	12.397940008672036
SCML4	6.522878745280337
SCN8A	5.221848749616356
SCP2D1-AS1	5.221848749616356
SDCBP2P1	7.301029995663981
SDHB	7.698970004336019
SDHBP1	5.045757490560675
SDK1	9.30102999566398
SDK1-AS1	12.397940008672036
SDK2	5.3979400086720375
SDR42E2	8.096910013008056
SDR9C7	5.698970004336019
SEC11C	5.096910013008056
SEC1P	12.397940008672036
SEC22C	6.221848749616356
SEC61G-DT	9.69897000433602
SELENOF	9.0
SELENOK	5.3979400086720375
SEMA3C	8.0
SEMA3F	20.397940008672037
SEMA3F-AS1	7.522878745280337
SEMA5A	5.301029995663981
SEMA5B	9.397940008672036
SEMA6A-AS2	7.522878745280337
SEMA6B	7.301029995663981
SEMA6D	9.397940008672036
SENP5	7.522878745280337
SEPTIN14	16.522878745280337
SEPTIN5	6.301029995663981
SERINC5	5.045757490560675
SERPINE1	5.301029995663981
SERPINF1	22.30102999566398
SERPINF2	22.30102999566398
SETBP1	6.221848749616356
SETD7	7.397940008672037
SETDB1	16.0
SETX	5.698970004336019
SEZ6L2	7.301029995663981
SF3B3	8.154901959985743
SFT2D2	5.522878745280337
SFXN1	7.698970004336019
SGCA	8.154901959985743
SGIP1	5.301029995663981
SGK1	6.221848749616356
SGK3	6.698970004336019
SH2D4B	6.0
SH3D19	8.698970004336019
SH3RF1	6.221848749616356
SH3RF3	5.096910013008056
SHANK2	30.0
SHARPIN	21.522878745280337
SHISA6	5.698970004336019
SHISA7	7.698970004336019
SHROOM3	10.045757490560677
SHROOM3-AS1	10.045757490560677
SIGLEC11	11.397940008672036
SIGLEC18P	7.096910013008056
SIGLEC22P	7.698970004336019
SIK1	6.154901959985743
SIL1	13.522878745280336
SIPA1L1-AS1	5.096910013008056
SIPA1L2	6.221848749616356
SIRT4	9.221848749616356
SIT1	9.397940008672036
SKOR2	6.522878745280337
SLC12A2-DT	6.3979400086720375
SLC14A2	6.221848749616356
SLC16A9	10.522878745280336
SLC17A1	10.0
SLC19A4P	5.301029995663981
SLC22A23	8.698970004336019
SLC24A2	5.3979400086720375
SLC24A3	5.221848749616356
SLC24A4	24.221848749616356
SLC25A12	5.154901959985743
SLC25A29	9.522878745280336
SLC25A6P5	5.698970004336019
SLC26A1	13.69897000433602
SLC27A6	8.154901959985743
SLC28A1	5.045757490560675
SLC28A3	8.698970004336019
SLC2A10	5.0
SLC2A13	14.397940008672036
SLC2A3	10.096910013008056
SLC2A4	9.0
SLC2A4RG	8.522878745280337
SLC2A6	12.221848749616356
SLC2A9	5.301029995663981
SLC2A9-AS1	5.301029995663981
SLC30A3	10.69897000433602
SLC35C1	12.69897000433602
SLC35E1	9.397940008672036
SLC35F3	5.221848749616356
SLC35G3	7.698970004336019
SLC37A1	5.301029995663981
SLC38A1	6.522878745280337
SLC38A9	8.698970004336019
SLC39A11	9.0
SLC39A8	6.698970004336019
SLC3A2	16.522878745280337
SLC43A2	12.69897000433602
SLC44A1	7.698970004336019
SLC44A5	5.698970004336019
SLC46A2	5.096910013008056
SLC4A1AP	5.698970004336019
SLC4A8	6.522878745280337
SLC4A9	20.0
SLC52A1	7.045757490560675
SLC52A3	10.69897000433602
SLC66A2P1	6.154901959985743
SLC6A1	13.045757490560677
SLC6A11	5.221848749616356
SLC6A15	9.397940008672036
SLC7A10	8.698970004336019
SLC7A14	8.522878745280337
SLC7A14-AS1	8.522878745280337
SLC7A2	5.698970004336019
SLC7A9	5.045757490560675
SLC8A1-AS1	6.154901959985743
SLC9A7	7.397940008672037
SLCO1C1	5.096910013008056
SLCO4A1	7.154901959985743
SLFN5	7.698970004336019
SLMAP	9.0
SMARCA2	10.096910013008056
SMARCA4	34.69897000433602
SMARCAD1	5.045757490560675
SMARCC1	10.221848749616356
SMARCE1P4	9.69897000433602
SMC2	8.522878745280337
SMC4P1	6.698970004336019
SMILR	7.154901959985743
SMIM14-DT	10.154901959985745
SMIM15P2	5.221848749616356
SMIM21	5.096910013008056
SMIM24	7.698970004336019
SMIM28	5.096910013008056
SMIM30	5.221848749616356
SMIM45	5.522878745280337
SMOC2	13.69897000433602
SMOX	7.397940008672037
SMYD2	5.154901959985743
SMYD3	8.221848749616356
SNAPC2	6.522878745280337
SNHG14	10.0
SNORA70	10.0
SNORA74	9.397940008672036
SNORD27	7.397940008672037
SNORD28B	8.397940008672037
SNRPCP13	7.698970004336019
SNRPCP2	5.045757490560675
SNRPD1	8.0
SNRPGP16	5.3979400086720375
SNX1	15.0
SNX18	5.096910013008056
SNX19	8.397940008672037
SNX22	15.0
SNX29	6.698970004336019
SNX6	9.69897000433602
SNX7-DT	7.397940008672037
SNX8	8.698970004336019
SNX9	7.221848749616356
SOBP	6.522878745280337
SOD1P2	6.0
SORBS2	5.221848749616356
SORCS1	6.154901959985743
SORCS3	6.698970004336019
SORD	5.698970004336019
SORD2P	7.522878745280337
SORL1	22.0
SORL1-AS1	6.045757490560675
SORT1	9.0
SP6	7.096910013008056
SPAG16	18.045757490560675
SPAG6	7.522878745280337
SPATA13	5.221848749616356
SPATA21	10.0
SPATA3	6.0
SPATC1	12.397940008672036
SPATS1	6.698970004336019
SPATS2	9.096910013008056
SPDYE20P	7.522878745280337
SPEF2	5.3979400086720375
SPEN	29.69897000433602
SPG11	8.045757490560675
SPI1	36.045757490560675
SPIRE2	9.397940008672036
SPMIP2	11.69897000433602
SPMIP7	5.045757490560675
SPOCK1	5.154901959985743
SPOCK3	5.221848749616356
SPON1	10.154901959985745
SPP1	5.3979400086720375
SPP2	8.0
SPPL2A	10.522878745280336
SPPL2C	7.154901959985743
SPRED2	7.522878745280337
SPRING1P3	7.397940008672037
SPRY2	6.045757490560675
SPRY4-AS1	18.522878745280337
SPSB1	5.698970004336019
SPTBN1	5.045757490560675
SPTLC1P2	6.0
SQOR	5.0
SQSTM1	6.154901959985743
SRBD1	5.698970004336019
SRC	9.397940008672036
SRCIN1	5.698970004336019
SREBF1	5.221848749616356
SREBF2	10.397940008672036
SRRM1P2	10.397940008672036
SRRM3	8.221848749616356
SS18	5.301029995663981
SSBL6P	7.522878745280337
SSBP3	7.698970004336019
SSBP4	11.0
ST13P12	12.096910013008056
ST18	6.301029995663981
ST20-AS1	14.522878745280336
ST3GAL2	15.397940008672036
ST3GAL3	9.522878745280336
ST3GAL3-AS1	9.522878745280336
ST6GAL1	6.301029995663981
ST6GAL2	7.522878745280337
ST6GALNAC2P1	7.698970004336019
ST7L	9.69897000433602
STAG1	8.0
STAG3	8.096910013008056
STAG3L4	8.096910013008056
STAG3L5P-PVRIG2P-PILRB	18.0
STAU1	7.522878745280337
STC1	5.522878745280337
STK24	8.301029995663981
STK3	8.096910013008056
STK32B	6.301029995663981
STK33P1	6.154901959985743
STMN4	6.096910013008056
STPG4	6.698970004336019
STRADA	6.0
STRCP1	8.096910013008056
STUB1P1	5.096910013008056
STX8	5.154901959985743
STXBP6	5.3979400086720375
STYX	10.30102999566398
SUDS3	5.154901959985743
SUGT1	10.045757490560677
SULT2B1	27.397940008672037
SUMF1	7.698970004336019
SUMO1P1	11.096910013008056
SUMO2P1	17.30102999566398
SUMO2P6	7.154901959985743
SUN3	8.301029995663981
SUNO1	5.0
SUPT20H	5.3979400086720375
SUPT3H	7.0
SUSD5	5.3979400086720375
SUZ12	9.30102999566398
SUZ12P1	5.522878745280337
SVIL	7.397940008672037
SVOP	12.69897000433602
SYBU	8.522878745280337
SYMPK	11.397940008672036
SYN2	5.154901959985743
SYNGR2P1	7.154901959985743
SYNJ1	8.522878745280337
SYNM-AS1	9.0
SYNPR	8.698970004336019
SYNPR-AS1	8.698970004336019
SYPL1	5.698970004336019
SYT11	14.522878745280336
SYT16	5.698970004336019
SYT4	6.3979400086720375
SZT2	6.154901959985743
TACC2	11.0
TACC3	5.698970004336019
TACR3	6.154901959985743
TAF12-DT	14.522878745280336
TAFA5	12.69897000433602
TANK-AS1	9.69897000433602
TAS2R16	5.096910013008056
TASOR2	5.301029995663981
TASP1	8.096910013008056
TBC1D13	5.154901959985743
TBC1D15	8.0
TBC1D3P2	20.221848749616356
TBC1D3P6	9.30102999566398
TBC1D9	8.397940008672037
TBL1XR1	10.0
TBX3-AS1	6.045757490560675
TBX5	10.69897000433602
TBX6	10.397940008672036
TBXAS1	11.096910013008056
TC2N	6.096910013008056
TCAM1P	11.522878745280336
TCF20	12.69897000433602
TCF25	8.698970004336019
TCF3	13.0
TCF4	6.045757490560675
TCF7L2	8.301029995663981
TCFL5	12.0
TCN2	14.0
TCP10L3	6.0
TEAD1	9.0
TEKT5	11.0
TENM2	9.522878745280336
TENM2-AS1	9.522878745280336
TENM3	11.69897000433602
TENT5A	9.0
TERC	6.045757490560675
TESC	8.0
TET2	9.397940008672036
TET2-AS1	9.397940008672036
TEX51	11.221848749616356
TFAM	5.301029995663981
TFAP4	5.154901959985743
TFDP1	8.698970004336019
TFDP1P1	6.0
TFR2	5.698970004336019
TGFB2	10.045757490560677
TGFBR3	5.096910013008056
TGM6	7.522878745280337
THAP1	16.154901959985743
THAP12	13.154901959985745
THEM7P	6.0
THOC1	7.301029995663981
THSD4	6.522878745280337
THSD7A	5.3979400086720375
TIAL1P1	9.096910013008056
TIAM1	7.698970004336019
TIAM2	5.096910013008056
TIMP2	7.522878745280337
TINAGL1	15.69897000433602
TJP1	16.69897000433602
TLE4	5.096910013008056
TLK2	7.301029995663981
TLL1	5.221848749616356
TLN2	6.522878745280337
TLR5	8.154901959985743
TMC5	9.0
TMCC1-DT	5.301029995663981
TMCC3	7.698970004336019
TMED10	10.522878745280336
TMED2-DT	5.045757490560675
TMEM106B	13.0
TMEM116	13.221848749616356
TMEM120B	9.0
TMEM132B	8.301029995663981
TMEM132C	9.0
TMEM14B	8.096910013008056
TMEM150C	6.0
TMEM163	8.397940008672037
TMEM178B	5.522878745280337
TMEM184A	8.397940008672037
TMEM184B	5.301029995663981
TMEM186	5.154901959985743
TMEM201	24.69897000433602
TMEM207	5.698970004336019
TMEM232	5.045757490560675
TMEM244	5.221848749616356
TMEM245	13.397940008672036
TMEM255B	11.0
TMEM266	8.522878745280337
TMEM272	8.301029995663981
TMEM275	6.045757490560675
TMEM276-ZFTRAF1	7.698970004336019
TMEM41B	18.0
TMEM45B	9.522878745280336
TMEM59L	8.522878745280337
TMEM72-AS1	5.301029995663981
TMEM92-AS1	5.096910013008056
TMEM94	5.045757490560675
TMOD1	5.0
TMUB2	7.397940008672037
TNFSF12-TNFSF13	7.301029995663981
TNFSF13	7.301029995663981
TNIP1	8.221848749616356
TNKS1BP1	13.522878745280336
TNRC6A	7.397940008672037
TNRC6C	5.698970004336019
TNS4	10.0
TNXB	5.698970004336019
TOGARAM1	5.154901959985743
TOM1L2	8.698970004336019
TOMM22P4	8.522878745280337
TOMM22P6	7.698970004336019
TOMM40	295.0
TOP1	5.3979400086720375
TOPORSLP	8.522878745280337
TP53	14.522878745280336
TPCN1	8.698970004336019
TPCN2	5.698970004336019
TPD52	5.698970004336019
TPM3P3	7.698970004336019
TPPP2	5.301029995663981
TPT1-AS1	16.0
TPTE2P2	36.0
TPTE2P3	6.096910013008056
TPTEP2-CSNK1E	5.045757490560675
TRA2B	5.698970004336019
TRAIP	6.0
TRANK1	8.221848749616356
TRAPPC6A	11.522878745280336
TRBV6-5	5.3979400086720375
TREM1	7.698970004336019
TREM2	37.52287874528034
TREML1	5.698970004336019
TREML2	13.69897000433602
TREML5P	14.0
TRH	5.301029995663981
TRIB1	7.698970004336019
TRIB1AL	9.221848749616356
TRIM36	8.397940008672037
TRIM48	67.52287874528034
TRIM51CP	12.0
TRIM51G	7.397940008672037
TRIM56	5.301029995663981
TRIM6	6.522878745280337
TRIM6-TRIM34	6.522878745280337
TRIM63	9.397940008672036
TRIM69	7.522878745280337
TRIM9	6.221848749616356
TRIP4	6.3979400086720375
TRIP6	5.698970004336019
TRMO	6.698970004336019
TRMT112P3	6.0
TRPC6	5.045757490560675
TRPM1	7.0
TRPM4	13.69897000433602
TRPM6	11.0
TRPS1	6.522878745280337
TRPV4	8.045757490560675
TSBP1-AS1	8.698970004336019
TSC22D1	7.698970004336019
TSEN15P3	5.154901959985743
TSEN2	11.0
TSHZ1	5.096910013008056
TSHZ2	8.698970004336019
TSHZ2-AS1	8.698970004336019
TSKU	6.301029995663981
TSNAX-DISC1	5.045757490560675
TSPAN14	18.69897000433602
TSPAN16	6.096910013008056
TSPAN16-AS1	6.096910013008056
TSPEAR	7.397940008672037
TSPOAP1	12.522878745280336
TSPOAP1-AS1	12.69897000433602
TST	6.301029995663981
TTC28	10.69897000433602
TTC33	5.154901959985743
TTC8	5.045757490560675
TTLL1-AS1	7.397940008672037
TTLL11	7.397940008672037
TUBA3C	7.397940008672037
TUBAP15	6.698970004336019
TUG1	7.301029995663981
TULP3	15.096910013008056
TULP4	6.522878745280337
TUSC1	5.096910013008056
TUSC2	7.397940008672037
TVP23CP3	11.0
TWIST2	11.0
TXNDC16	6.3979400086720375
TXNL1	7.045757490560675
TYW1	8.397940008672037
TYW3	5.154901959985743
U3	21.69897000433602
U6	7.301029995663981
UBA52P7	6.045757490560675
UBAP2	8.698970004336019
UBBP4	9.397940008672036
UBE2D1	8.154901959985743
UBE2F	5.154901959985743
UBE2G2	7.397940008672037
UBE2K	21.397940008672037
UBE2L3	11.397940008672036
UBE2QL1	6.301029995663981
UBE2R2	5.522878745280337
UBE2R2-AS1	12.397940008672036
UBE2S	7.698970004336019
UBE2V1P10	6.154901959985743
UBE2V2	9.69897000433602
UBE2W	5.698970004336019
UBE4B	23.096910013008056
UBFD1	8.154901959985743
UBR5	5.3979400086720375
UBXN11	6.522878745280337
UBXN6	19.221848749616356
UFC1	7.698970004336019
UGGT2	5.301029995663981
ULK4	28.69897000433602
UMAD1	12.0
UNC13A	5.698970004336019
UNC5C-AS1	6.0
UNC5CL	32.69897000433602
UNK	22.397940008672037
UQCRFS1	5.221848749616356
UQCRH	20.397940008672037
URAHP	8.0
USF2	6.0
USH2A	7.522878745280337
USP12	8.0
USP13	5.522878745280337
USP29	13.096910013008056
USP3	15.69897000433602
USP32	9.522878745280336
USP50	8.301029995663981
USP6NL	10.522878745280336
USP6NL-AS1	23.69897000433602
USP8	8.301029995663981
UTP6	9.30102999566398
UTS2B	5.045757490560675
VAC14	18.30102999566398
VAPA	7.698970004336019
VAT1L	6.3979400086720375
VAV1	7.301029995663981
VAV2	5.045757490560675
VAV3-AS1	5.522878745280337
VDAC1P12	6.221848749616356
VDAC2P5	9.397940008672036
VEGFA	16.0
VEGFC	9.0
VIPR2	5.698970004336019
VLDLR	5.221848749616356
VMAC	9.221848749616356
VN1R10P	10.045757490560677
VN1R70P	9.69897000433602
VN1R9P	5.045757490560675
VPREB1	8.0
VRK1	6.0
VRK3	6.3979400086720375
VRTN	7.301029995663981
VSNL1	6.221848749616356
VTI1A	7.0
VWA5B1	7.301029995663981
VWA5B2	6.698970004336019
VWA8	14.221848749616356
VWC2	8.522878745280337
WAC	7.0
WBP1L	8.154901959985743
WDHD1	7.698970004336019
WDPCP	8.397940008672037
WDR12	8.0
WDR41	6.154901959985743
WDR7	14.522878745280336
WDR70	9.221848749616356
WDR81	10.096910013008056
WDR81-AS1	10.096910013008056
WDR88	7.397940008672037
WDR97	21.69897000433602
WDTC1-DT	8.045757490560675
WEE1	23.522878745280337
WEE1P2	28.154901959985743
WHAMMP2	8.221848749616356
WNK2	15.397940008672036
WNK3	6.0
WNT3	12.045757490560677
WNT7B	5.154901959985743
WNT8A	10.69897000433602
WT1	6.0
WWC1	5.301029995663981
WWOX	8.0
XIRP2	5.045757490560675
XNDC1N	17.0
XNDC1N-ZNF705EP-ALG1L9P	17.0
XPR1	5.3979400086720375
XRCC2	9.0
XYLT1	5.698970004336019
XYLT2	5.096910013008056
YAP1	6.0
YJU2B	10.045757490560677
YTHDC2	5.045757490560675
YWHAQ	7.698970004336019
Y_RNA	24.30102999566398
ZAN	10.045757490560677
ZAP70	6.0
ZBED5-AS1	6.301029995663981
ZBTB14	5.698970004336019
ZBTB16	5.096910013008056
ZBTB17	9.30102999566398
ZBTB20	5.698970004336019
ZBTB25	6.0
ZBTB45	9.096910013008056
ZC3H14	10.0
ZC3H7B	8.301029995663981
ZCCHC2	7.522878745280337
ZCCHC24	5.0
ZCCHC8	10.045757490560677
ZCWPW1	13.221848749616356
ZDHHC11B	5.154901959985743
ZDHHC19	8.0
ZFAT	14.0
ZFHX3	5.221848749616356
ZFP3	10.0
ZFP3-DT	7.045757490560675
ZFPM2	6.522878745280337
ZFR2	19.69897000433602
ZFTA	9.0
ZFTRAF1	7.698970004336019
ZFYVE1	9.154901959985745
ZFYVE28	5.096910013008056
ZFYVE9P2	5.045757490560675
ZG16	13.0
ZIC5	25.30102999566398
ZKSCAN1	13.154901959985745
ZKSCAN4	7.397940008672037
ZMAT4	18.69897000433602
ZMIZ1	5.096910013008056
ZMYM2	18.522878745280337
ZMYM5	18.522878745280337
ZNF101P1	5.522878745280337
ZNF107	5.221848749616356
ZNF112	14.397940008672036
ZNF117	6.221848749616356
ZNF131	9.522878745280336
ZNF143	23.522878745280337
ZNF180	14.0
ZNF184	5.301029995663981
ZNF204P	10.045757490560677
ZNF208	5.096910013008056
ZNF222	10.0
ZNF222-DT	20.397940008672037
ZNF223	10.0
ZNF225-AS1	5.698970004336019
ZNF229	12.0
ZNF230	20.397940008672037
ZNF232	8.0
ZNF232-AS1	8.0
ZNF280C	5.522878745280337
ZNF285	14.397940008672036
ZNF285BP	12.0
ZNF292	7.522878745280337
ZNF318	9.69897000433602
ZNF334	6.522878745280337
ZNF366	8.301029995663981
ZNF385B	9.397940008672036
ZNF385C	11.397940008672036
ZNF385D	6.0
ZNF45	7.522878745280337
ZNF45-AS1	7.522878745280337
ZNF486	14.522878745280336
ZNF558	5.698970004336019
ZNF565	25.397940008672037
ZNF568	9.096910013008056
ZNF585B	10.69897000433602
ZNF594-DT	13.30102999566398
ZNF599	6.3979400086720375
ZNF608	5.301029995663981
ZNF627	8.698970004336019
ZNF629	6.301029995663981
ZNF646P1	5.154901959985743
ZNF652	8.0
ZNF652-AS1	12.154901959985745
ZNF679	5.698970004336019
ZNF680P1	10.522878745280336
ZNF689	13.221848749616356
ZNF70	8.045757490560675
ZNF717	8.0
ZNF723	9.0
ZNF736	5.698970004336019
ZNF73P	8.154901959985743
ZNF804A	7.698970004336019
ZNF813	6.096910013008056
ZNF862	6.698970004336019
ZNF880	8.698970004336019
ZNF890P	9.69897000433602
ZNF92	9.0
ZNF970P	23.522878745280337
ZNF99	9.0
ZNRF3	5.522878745280337
ZNRF4	6.154901959985743
ZP2	5.698970004336019
ZRANB2-DT	6.301029995663981
ZSCAN12	18.221848749616356
ZSCAN21	13.154901959985745
ZSWIM2	11.30102999566398
ZSWIM5P3	5.221848749616356
ZSWIM6	10.69897000433602
ZZEF1	7.698970004336019
